Order ID,Takoyaki Chain,City,Timestamp,Distance (miles),Spicy Level,Utensils,Total Delivery Time (minutes),Number of Takoyakis,Total Order Amount ($),Tip Amount ($)
670487,Octopus Garden,New York,2025-05-27T15:29:21.602888,6.67,Mild,True,39,1,8.01,0.0
288389,Tokyo Balls,Los Angeles,2025-01-30T17:54:26.603958,2.82,Not spicy,True,27,4,15.07,0.94
772246,Octopus Garden,Las Vegas,2025-05-27T11:22:31.604022,2.17,Mild,False,18,1,5.54,0.95
935518,Tako Delight,New York,2025-04-28T07:30:29.604073,2.77,Not spicy,True,39,3,12.95,2.76
442417,Tako Bell,New York,2025-01-21T20:15:54.604117,8.65,Not spicy,True,35,4,16.51,4.28
229258,Tokyo Balls,Miami,2025-04-30T13:13:27.604159,2.0,Not spicy,False,16,2,7.62,1.38
027824,Tako Delight,Los Angeles,2025-05-22T16:30:24.604199,2.61,Not spicy,False,37,6,20.65,3.28
681453,Tako Delight,Austin,2025-02-15T10:56:28.604237,1.34,Not spicy,True,37,2,7.59,1.6
471029,Osaka Kitchen,San Francisco,2025-06-09T19:49:58.604275,5.99,Hot,True,36,6,26.26,0.0
911527,Tako Bell,Los Angeles,2025-05-19T05:10:44.604313,1.44,Mild,False,37,2,7.54,1.79
443143,Tako Master,San Francisco,2025-02-02T20:12:02.604349,2.35,Hot,False,29,5,27.88,6.76
225772,Tako Master,New York,2025-01-21T15:50:26.604385,13.43,Hot,True,59,1,10.51,2.41
398382,Octopus Garden,San Francisco,2025-06-17T05:13:25.604423,4.5,Mild,True,34,1,7.35,1.8
360663,Osaka Kitchen,San Francisco,2025-06-09T09:06:14.604459,2.11,Danger,False,42,2,10.98,0.0
045561,Hot Tako Express,Miami,2025-01-27T21:20:44.604495,4.7,Not spicy,True,53,10,29.0,2.6
967096,Sakura Tako House,New York,2025-04-20T20:18:33.604530,8.28,Hot,True,38,6,31.79,11.13
307419,Osaka Kitchen,San Francisco,2025-04-25T18:16:10.604566,2.03,Not spicy,True,24,5,21.28,4.37
201629,Octopus Garden,New York,2025-05-12T01:19:26.604602,6.88,Not spicy,False,36,1,7.69,2.16
238968,Crispy Tentacle Co.,New York,2025-06-18T17:40:59.604637,5.38,Mild,True,55,1,7.13,2.07
244098,Octopus Garden,Austin,2025-02-26T15:03:52.604672,12.67,Hot,False,46,7,26.54,0.0
475435,Tako Master,Los Angeles,2025-03-16T12:46:55.604707,5.67,Not spicy,True,35,4,19.58,4.9
372528,Tokyo Balls,Las Vegas,2025-02-24T11:49:13.604742,2.46,Mild,True,22,8,21.92,3.84
735911,Octopus Garden,Miami,2025-05-06T22:49:36.604777,2.2,Danger,True,24,9,35.3,10.17
179451,Tako Delight,Las Vegas,2025-02-20T04:30:54.604812,1.45,Mild,True,28,1,5.02,1.1
171339,Hot Tako Express,Austin,2025-02-25T01:39:41.604846,2.28,Hot,True,18,1,4.96,1.1
970342,Tako Delight,Los Angeles,2025-05-16T14:08:50.604881,5.39,Danger,True,35,4,17.62,4.97
340035,Tako Bell,Los Angeles,2025-06-12T05:29:28.604916,1.49,Hot,False,22,8,25.3,8.86
033659,Tako Master,Austin,2025-02-24T15:22:35.604952,13.0,Hot,False,57,2,12.39,0.0
069403,Tokyo Balls,Miami,2025-06-22T19:46:57.604987,15.0,Not spicy,True,33,1,8.41,2.47
752787,Tako Master,Los Angeles,2025-05-10T22:10:45.605022,15.0,Not spicy,True,52,1,10.33,3.62
523481,Sakura Tako House,Las Vegas,2025-04-02T18:01:05.605057,0.89,Hot,True,28,3,12.37,2.8
149811,Crispy Tentacle Co.,Los Angeles,2025-02-20T12:58:51.605092,3.43,Not spicy,True,32,6,22.88,7.31
781177,Tako Delight,Miami,2025-02-23T16:04:41.605127,1.33,Not spicy,False,23,1,5.27,1.21
783300,Osaka Kitchen,Austin,2025-06-26T23:46:17.605161,4.41,Mild,True,26,3,12.21,0.0
611878,Sakura Tako House,San Francisco,2025-02-15T05:43:20.605197,14.2,Mild,False,43,5,27.88,0.0
145051,Tako Delight,Austin,2025-01-21T07:16:55.605232,7.52,Mild,True,41,5,17.15,3.83
792495,Tako Bell,New York,2025-02-02T07:54:20.605267,5.61,Not spicy,True,31,8,26.5,7.87
657924,Golden Tako,Las Vegas,2025-03-26T15:01:17.605305,9.6,Hot,False,54,7,29.1,3.99
625380,Octopus Garden,Austin,2025-03-18T18:05:18.605339,4.41,Not spicy,False,37,2,8.79,2.55
624834,Hot Tako Express,Miami,2025-02-21T11:17:17.605373,3.23,Hot,True,33,7,21.57,0.0
580099,Tako Bell,Las Vegas,2025-05-23T14:25:14.605408,5.81,Danger,True,36,5,14.97,1.21
120116,Tako Delight,San Francisco,2025-06-01T21:32:35.605448,8.3,Hot,True,46,3,14.55,5.09
672097,Tako Master,New York,2025-03-01T15:25:24.605482,2.32,Not spicy,False,27,4,21.63,3.68
455884,Golden Tako,Austin,2025-01-04T06:44:16.605517,7.01,Not spicy,True,45,15,53.22,9.41
757168,Crispy Tentacle Co.,Miami,2025-05-31T14:36:53.605552,2.52,Hot,True,30,3,12.13,0.0
187330,Tako Delight,New York,2025-06-21T16:31:27.605587,2.6,Not spicy,True,33,5,20.52,4.5
655674,Crispy Tentacle Co.,Las Vegas,2025-04-12T05:29:38.605621,7.78,Not spicy,False,44,1,6.73,1.26
638551,Tokyo Balls,Los Angeles,2025-03-17T06:10:42.605656,6.55,Mild,True,41,5,19.68,6.84
799550,Golden Tako,Miami,2025-06-03T20:16:33.605690,15.0,Not spicy,True,49,3,16.19,3.55
967242,Tako Delight,New York,2025-04-29T22:53:51.605727,0.97,Hot,True,32,1,6.03,1.94
339902,Hot Tako Express,New York,2025-01-25T08:57:17.605766,11.51,Danger,True,52,4,18.67,6.53
974230,Tako Master,San Francisco,2025-02-19T03:32:32.605803,4.11,Hot,False,39,20,110.34,25.99
060738,Tokyo Balls,Miami,2025-01-18T22:38:53.605847,3.13,Mild,True,38,12,37.49,3.23
089814,Hot Tako Express,New York,2025-05-31T08:16:35.605886,2.31,Mild,True,29,6,22.01,6.67
558582,Golden Tako,Los Angeles,2025-05-11T18:16:31.605924,3.67,Not spicy,True,43,6,25.49,6.2
498369,Tako Delight,Los Angeles,2025-02-24T02:52:01.605963,1.12,Mild,False,39,2,8.51,2.41
553306,Osaka Kitchen,Austin,2025-02-13T18:39:53.606004,1.15,Mild,False,27,3,10.12,2.42
974036,Tako Delight,Las Vegas,2025-05-17T14:37:47.606044,1.86,Not spicy,False,33,3,10.14,0.0
210922,Crispy Tentacle Co.,Austin,2025-05-14T01:54:06.606083,2.93,Not spicy,True,24,1,5.27,0.52
681446,Tako Master,Austin,2025-06-27T08:07:08.606122,4.13,Hot,True,36,1,6.7,1.01
542717,Hot Tako Express,New York,2025-02-20T18:56:15.606164,2.93,Not spicy,True,28,4,16.32,0.0
235612,Octopus Garden,San Francisco,2025-01-07T17:38:25.606203,8.86,Hot,True,35,4,22.64,1.13
616886,Tako Delight,Los Angeles,2025-04-27T21:56:35.606239,2.45,Not spicy,True,19,2,9.37,2.37
230914,Tako Bell,New York,2025-05-21T02:23:29.606275,2.23,Mild,True,31,6,20.42,3.2
661759,Tako Bell,Los Angeles,2025-01-16T17:43:18.606310,9.4,Not spicy,False,59,4,14.58,2.58
949401,Tako Bell,San Francisco,2025-01-17T09:49:58.606345,2.31,Hot,True,27,4,15.75,3.06
539131,Tokyo Balls,San Francisco,2025-05-13T13:16:33.606381,2.83,Not spicy,True,39,10,34.64,8.57
508993,Tokyo Balls,Miami,2025-01-29T08:13:53.606416,2.85,Mild,True,22,2,7.83,1.87
758490,Osaka Kitchen,Miami,2025-04-05T10:25:12.606450,4.25,Mild,True,23,2,9.82,1.33
254801,Hot Tako Express,Austin,2025-02-09T14:59:17.606484,10.86,Mild,True,51,3,11.68,2.77
098907,Octopus Garden,Las Vegas,2025-03-28T08:27:27.606519,4.8,Mild,False,36,1,6.21,0.86
371507,Sakura Tako House,Austin,2025-04-04T08:06:22.606553,6.92,Mild,True,46,9,30.93,9.86
905798,Tako Bell,Las Vegas,2025-05-10T12:56:12.606587,1.0,Mild,True,25,2,7.05,0.35
677568,Octopus Garden,New York,2025-03-22T19:57:53.606621,2.21,Hot,True,32,2,11.16,3.46
763587,Tako Master,New York,2025-02-20T22:26:10.606655,5.18,Not spicy,True,45,2,12.77,2.4
200896,Tokyo Balls,Miami,2025-03-31T18:18:15.606690,3.39,Hot,True,37,8,27.33,3.87
146991,Sakura Tako House,Los Angeles,2025-02-26T17:43:41.606724,8.21,Mild,True,39,5,22.6,2.5
485100,Tokyo Balls,New York,2025-03-30T16:45:09.606758,5.14,Mild,True,43,11,40.89,14.31
847272,Tako Delight,New York,2025-01-13T11:22:20.606793,4.89,Mild,False,42,6,26.34,8.76
683823,Tako Delight,New York,2025-01-21T18:14:58.606827,5.19,Hot,True,46,1,7.35,1.97
971366,Tokyo Balls,Los Angeles,2025-03-23T13:38:25.606861,3.95,Hot,True,31,2,9.47,1.85
509231,Hot Tako Express,Los Angeles,2025-06-20T13:10:35.606901,12.38,Mild,True,42,3,13.7,1.55
420521,Tako Bell,Los Angeles,2025-03-18T05:45:22.606936,3.73,Mild,True,41,1,5.6,0.56
002260,Sakura Tako House,San Francisco,2025-07-02T13:30:02.606970,4.48,Mild,True,36,6,29.64,6.67
822157,Hot Tako Express,San Francisco,2025-03-26T18:58:16.607006,4.37,Mild,True,32,7,23.6,7.06
730429,Tako Delight,Las Vegas,2025-05-23T03:38:19.607040,1.75,Not spicy,False,30,11,32.69,1.78
510311,Golden Tako,Los Angeles,2025-03-02T06:22:20.607074,9.47,Not spicy,True,61,2,12.02,3.07
228275,Tako Bell,Miami,2025-05-26T12:23:50.607109,3.39,Not spicy,False,32,8,24.37,2.36
568532,Tako Bell,Las Vegas,2025-03-05T13:07:04.607143,7.2,Not spicy,True,33,2,8.36,0.7
059942,Tako Bell,Miami,2025-04-06T05:36:32.607177,1.66,Not spicy,True,23,2,7.68,0.38
527276,Tako Delight,Los Angeles,2025-01-14T16:41:29.607212,5.31,Hot,True,37,8,29.71,6.19
532496,Octopus Garden,Los Angeles,2025-01-16T22:56:46.607246,15.0,Not spicy,True,79,8,32.95,7.47
623939,Octopus Garden,Las Vegas,2025-06-19T23:58:55.607281,5.24,Not spicy,True,31,5,18.6,4.72
246629,Sakura Tako House,New York,2025-06-25T12:39:11.607315,2.01,Hot,True,35,3,15.58,3.5
597347,Tokyo Balls,Miami,2025-04-29T02:16:25.607350,2.75,Not spicy,True,19,6,18.22,6.38
041672,Osaka Kitchen,New York,2025-03-26T01:20:35.607384,4.84,Not spicy,True,41,2,10.91,1.88
689305,Osaka Kitchen,Miami,2025-04-15T03:57:27.607418,11.24,Not spicy,True,45,6,23.22,8.13
331737,Crispy Tentacle Co.,Los Angeles,2025-05-13T16:45:46.607452,6.68,Mild,True,44,4,16.27,3.0
750981,Tako Master,Los Angeles,2025-02-24T05:28:01.607486,6.07,Hot,True,48,5,25.61,1.71
415011,Golden Tako,Las Vegas,2025-05-08T23:51:55.607522,8.63,Not spicy,True,50,2,11.06,2.03
314569,Hot Tako Express,San Francisco,2025-05-29T15:33:21.607556,9.49,Not spicy,True,40,2,10.96,2.2
981188,Octopus Garden,New York,2025-04-02T15:22:44.607590,3.64,Not spicy,True,35,7,32.0,7.7
651332,Osaka Kitchen,New York,2025-01-17T21:01:59.607624,4.79,Hot,False,46,19,78.53,26.47
563750,Tokyo Balls,Miami,2025-02-24T03:32:13.607659,9.35,Danger,False,47,3,12.96,3.47
138890,Tako Master,New York,2025-06-23T09:18:35.607693,1.53,Not spicy,True,21,1,7.1,1.6
256150,Tako Master,San Francisco,2025-02-03T06:46:01.607727,1.9,Hot,False,35,1,7.96,1.16
459469,Tako Delight,Las Vegas,2025-03-03T09:26:44.607761,5.12,Mild,True,38,2,8.45,1.1
641390,Tako Delight,New York,2025-05-13T08:04:54.607801,3.01,Danger,False,35,10,40.69,4.91
856795,Tako Delight,San Francisco,2025-05-12T11:13:44.607837,2.3,Hot,True,35,2,10.65,3.67
108618,Golden Tako,San Francisco,2025-01-26T01:33:00.607872,3.35,Not spicy,False,41,12,58.19,17.07
932931,Octopus Garden,Las Vegas,2025-04-21T01:49:21.607907,3.89,Not spicy,True,27,6,20.62,3.86
162998,Crispy Tentacle Co.,San Francisco,2025-05-01T02:19:29.607942,0.5,Mild,False,20,2,9.4,2.15
220861,Tako Master,Los Angeles,2025-05-17T03:34:56.607976,7.19,Hot,False,56,6,31.34,9.36
665046,Crispy Tentacle Co.,Miami,2025-04-08T12:20:13.608010,2.67,Hot,False,36,1,5.78,0.62
263319,Tako Bell,New York,2025-05-06T19:35:36.608044,6.02,Hot,True,37,1,6.66,1.56
444151,Crispy Tentacle Co.,New York,2025-01-04T08:08:15.608078,8.19,Mild,False,42,1,7.88,1.95
349759,Golden Tako,Las Vegas,2025-02-23T12:24:49.608112,7.29,Not spicy,False,38,5,21.03,2.14
169430,Hot Tako Express,Miami,2025-05-20T16:15:44.608147,1.05,Mild,True,36,9,26.51,0.0
448462,Tako Delight,New York,2025-01-25T08:59:01.608181,15.0,Mild,True,83,2,12.46,0.96
078898,Golden Tako,Miami,2025-01-10T15:31:00.608216,7.53,Not spicy,True,52,5,21.68,2.26
875136,Tako Master,Miami,2025-04-20T22:34:01.608250,15.0,Not spicy,True,48,15,63.43,14.92
155287,Sakura Tako House,Los Angeles,2025-01-11T18:33:00.608288,4.76,Not spicy,False,39,3,14.56,2.55
323232,Tako Master,New York,2025-06-27T04:54:21.608323,7.07,Hot,True,43,1,8.76,2.57
375190,Tokyo Balls,Las Vegas,2025-02-21T02:30:23.608357,1.96,Not spicy,True,28,3,9.64,1.54
699330,Octopus Garden,San Francisco,2025-06-04T03:13:07.608392,8.78,Not spicy,True,37,1,8.3,0.42
587080,Sakura Tako House,Miami,2025-05-29T04:25:56.608426,10.16,Hot,False,39,1,8.12,1.42
162060,Tokyo Balls,Los Angeles,2025-06-07T23:21:26.608461,4.47,Mild,False,23,4,15.36,0.77
850155,Golden Tako,Austin,2025-01-08T11:07:35.608495,3.61,Not spicy,True,32,1,6.18,1.53
188073,Tako Master,Austin,2025-06-08T10:18:01.608530,13.73,Not spicy,False,61,1,8.91,2.33
702448,Tokyo Balls,San Francisco,2025-02-03T13:31:45.608564,2.82,Hot,True,42,9,34.98,10.82
825622,Octopus Garden,Austin,2025-06-22T00:12:19.608599,15.0,Not spicy,True,50,2,11.4,3.01
040605,Hot Tako Express,Los Angeles,2025-02-11T09:41:25.608633,1.96,Hot,True,26,3,10.93,2.63
856253,Hot Tako Express,San Francisco,2025-03-03T21:54:22.608667,4.62,Not spicy,True,35,1,6.38,0.51
860394,Tokyo Balls,Los Angeles,2025-01-08T05:53:52.608702,9.45,Mild,True,63,2,9.95,3.48
692094,Tokyo Balls,Austin,2025-03-08T09:25:30.608739,10.62,Hot,True,48,2,10.09,3.43
292136,Octopus Garden,San Francisco,2025-03-12T20:04:23.608776,6.18,Hot,True,41,2,12.4,2.46
672642,Tako Delight,Austin,2025-05-15T14:23:51.608812,6.92,Mild,True,37,2,8.72,1.09
884642,Tako Delight,San Francisco,2025-01-09T00:14:29.608849,8.55,Not spicy,False,45,1,7.53,1.6
120944,Crispy Tentacle Co.,Los Angeles,2025-04-26T09:21:28.608885,4.77,Not spicy,False,25,3,13.71,3.59
278361,Tako Bell,New York,2025-04-29T11:50:13.608922,8.83,Mild,False,62,7,25.13,6.96
455673,Tako Master,Las Vegas,2025-06-05T08:38:04.608959,4.23,Mild,False,31,1,6.78,1.12
328914,Sakura Tako House,Miami,2025-04-12T23:01:04.608996,2.8,Not spicy,False,29,12,44.35,9.35
121263,Sakura Tako House,Miami,2025-02-09T13:26:41.609032,9.96,Mild,True,17,1,8.18,1.01
267095,Tako Bell,Las Vegas,2025-03-29T07:47:20.609069,5.59,Mild,False,33,1,5.67,1.91
001773,Tako Delight,Miami,2025-05-17T00:35:59.609105,5.26,Not spicy,False,47,5,18.17,1.71
754377,Tokyo Balls,San Francisco,2025-03-28T09:36:18.609142,2.42,Mild,False,36,1,6.27,1.14
073372,Tako Master,Miami,2025-03-05T14:33:59.609179,15.0,Hot,True,66,2,14.08,3.7
695612,Octopus Garden,Las Vegas,2025-06-27T10:08:09.609215,12.58,Not spicy,True,47,1,7.97,0.51
314910,Tako Delight,San Francisco,2025-05-13T03:33:35.609263,2.03,Not spicy,True,12,2,10.25,2.87
428231,Tako Master,Austin,2025-05-19T00:50:25.609301,0.74,Hot,True,21,3,12.3,0.75
310016,Tako Delight,Los Angeles,2025-02-09T21:39:11.609341,10.16,Mild,False,73,7,27.65,6.66
440869,Sakura Tako House,Las Vegas,2025-05-28T22:10:24.609382,3.85,Not spicy,True,36,2,9.55,1.15
946660,Golden Tako,Miami,2025-04-24T03:50:10.609425,9.34,Mild,True,28,3,15.58,1.97
315568,Sakura Tako House,Miami,2025-06-14T13:03:16.609466,15.0,Not spicy,True,71,2,13.07,2.63
000425,Crispy Tentacle Co.,San Francisco,2025-02-13T11:08:09.609505,4.95,Danger,True,38,7,31.81,5.15
450770,Osaka Kitchen,Miami,2025-05-10T18:45:46.609544,11.24,Hot,True,53,2,11.69,1.9
337902,Hot Tako Express,Austin,2025-03-30T12:13:39.609583,2.61,Mild,True,31,4,12.21,2.76
708446,Tokyo Balls,Miami,2025-04-05T12:49:15.609622,11.94,Mild,True,67,3,13.48,2.79
832291,Golden Tako,Las Vegas,2025-01-20T02:47:22.609661,2.36,Mild,False,45,5,19.75,5.79
297571,Tako Delight,Las Vegas,2025-05-06T13:19:54.609700,1.86,Not spicy,True,22,4,12.59,2.73
649342,Tako Master,New York,2025-06-11T13:44:36.609738,5.84,Mild,True,51,2,13.6,3.59
998243,Tokyo Balls,Las Vegas,2025-03-04T22:16:23.609779,4.84,Danger,True,28,5,16.24,2.92
235552,Tokyo Balls,Los Angeles,2025-01-08T09:26:39.609818,2.49,Mild,False,40,10,31.27,4.93
048458,Tokyo Balls,Austin,2025-05-02T08:21:24.609857,4.75,Hot,True,38,5,15.26,3.55
891014,Octopus Garden,Austin,2025-03-25T03:02:55.609896,7.9,Not spicy,True,47,2,9.17,2.39
929181,Osaka Kitchen,Los Angeles,2025-05-23T03:20:53.609934,15.0,Mild,False,65,3,16.1,4.12
730180,Sakura Tako House,Austin,2025-03-22T06:07:51.609974,4.78,Not spicy,False,36,8,26.39,7.48
255836,Golden Tako,Las Vegas,2025-05-17T04:09:58.610013,1.73,Mild,True,26,13,45.5,8.02
005814,Octopus Garden,Austin,2025-02-15T03:29:14.610051,4.39,Mild,False,40,1,5.87,1.04
184430,Tako Delight,Austin,2025-01-13T09:38:53.610090,6.73,Mild,True,39,3,11.46,1.72
584482,Tokyo Balls,New York,2025-04-02T06:52:47.610128,15.0,Not spicy,True,77,7,29.18,6.6
139816,Hot Tako Express,Las Vegas,2025-04-16T18:52:03.610166,2.86,Not spicy,True,29,1,5.08,0.54
586075,Osaka Kitchen,San Francisco,2025-05-30T07:20:01.610208,6.36,Not spicy,True,51,4,18.72,3.83
934727,Hot Tako Express,Miami,2025-06-10T21:49:09.610248,11.78,Mild,False,47,1,7.53,1.55
754213,Tako Delight,Austin,2025-06-13T22:20:47.610287,2.9,Mild,True,33,1,5.27,1.27
950906,Tako Delight,Austin,2025-06-26T20:54:23.610325,0.93,Hot,True,43,3,10.63,1.23
166889,Hot Tako Express,Austin,2025-02-22T23:32:01.610364,1.5,Mild,False,16,9,22.13,5.99
788295,Tokyo Balls,Las Vegas,2025-02-26T11:58:41.610403,1.25,Hot,True,24,9,27.78,7.1
803013,Tako Delight,Austin,2025-05-05T08:28:22.610442,12.7,Not spicy,True,67,1,7.98,0.0
250867,Crispy Tentacle Co.,Austin,2025-01-18T16:42:43.610481,5.42,Not spicy,True,36,1,5.86,1.82
748206,Crispy Tentacle Co.,Los Angeles,2025-02-25T09:53:52.610520,11.71,Mild,True,41,1,8.45,2.33
352161,Tako Master,Miami,2025-01-19T07:07:57.610558,7.28,Not spicy,True,53,1,7.8,2.28
145095,Golden Tako,Los Angeles,2025-03-19T00:41:14.610597,2.68,Danger,True,40,4,20.18,5.44
727659,Golden Tako,Las Vegas,2025-02-14T04:42:22.610635,7.0,Not spicy,True,38,3,13.85,2.69
067348,Sakura Tako House,Austin,2025-03-08T21:37:57.610674,3.75,Hot,True,32,2,9.19,2.03
568969,Hot Tako Express,Austin,2025-01-15T17:47:34.610713,11.83,Mild,False,43,5,16.68,3.88
216881,Sakura Tako House,Austin,2025-06-28T08:27:59.610751,6.17,Hot,True,35,3,13.13,4.56
807189,Osaka Kitchen,Las Vegas,2025-01-07T10:38:20.610790,0.98,Mild,True,28,9,27.91,5.45
898348,Osaka Kitchen,Austin,2025-04-06T06:30:01.610829,3.79,Hot,True,27,4,13.78,3.23
006182,Tako Master,San Francisco,2025-05-29T23:03:43.610868,5.6,Not spicy,False,54,1,8.08,1.05
408930,Sakura Tako House,Miami,2025-05-28T19:17:20.610906,7.99,Danger,True,43,3,15.48,4.22
770319,Tako Delight,Miami,2025-06-26T23:43:03.610945,15.0,Not spicy,True,59,2,11.55,1.62
231251,Hot Tako Express,Los Angeles,2025-02-25T15:35:03.610984,2.85,Mild,True,34,4,14.8,3.43
457007,Hot Tako Express,New York,2025-03-20T03:49:10.611022,4.46,Not spicy,True,51,2,9.7,2.69
352457,Sakura Tako House,Las Vegas,2025-02-04T16:46:40.611062,1.8,Not spicy,True,27,1,5.83,1.23
881334,Hot Tako Express,Los Angeles,2025-05-04T11:32:28.611104,5.22,Mild,True,39,7,24.59,4.22
560069,Tako Bell,Austin,2025-04-28T14:02:01.611142,15.0,Not spicy,True,58,2,10.04,0.89
591807,Tako Bell,New York,2025-05-08T11:02:38.611181,10.24,Hot,True,53,7,25.26,6.29
449433,Golden Tako,Austin,2025-02-07T22:31:56.611219,4.38,Mild,False,46,6,21.32,4.82
052727,Crispy Tentacle Co.,Austin,2025-03-08T05:11:15.611257,5.95,Not spicy,True,36,2,8.84,1.7
221941,Hot Tako Express,San Francisco,2025-03-10T04:28:48.611295,9.31,Mild,False,44,1,7.29,2.25
798207,Sakura Tako House,San Francisco,2025-05-29T16:14:00.611336,5.46,Mild,False,40,1,7.93,1.14
997409,Sakura Tako House,San Francisco,2025-06-14T18:34:49.611379,8.46,Not spicy,True,45,3,16.44,5.37
085884,Hot Tako Express,New York,2025-05-29T02:19:10.611417,3.19,Not spicy,False,30,4,15.22,3.47
565621,Tako Bell,San Francisco,2025-02-16T04:33:52.611455,2.31,Mild,True,34,1,5.79,1.58
681725,Octopus Garden,Las Vegas,2025-01-11T11:13:48.611493,15.0,Mild,True,55,3,14.7,2.8
790870,Tako Bell,Los Angeles,2025-02-11T08:42:06.611532,2.67,Not spicy,True,25,6,18.9,3.09
879995,Tako Bell,Miami,2025-02-02T05:46:00.611569,3.36,Mild,False,34,6,17.74,2.1
250132,Golden Tako,Austin,2025-05-13T15:31:04.611608,3.88,Not spicy,True,58,7,24.96,2.11
119946,Osaka Kitchen,Los Angeles,2025-04-03T22:49:44.611646,5.99,Mild,False,55,3,13.47,2.81
733442,Crispy Tentacle Co.,San Francisco,2025-02-05T05:34:03.611684,2.68,Hot,False,43,2,10.56,1.8
635324,Osaka Kitchen,Las Vegas,2025-05-23T03:24:03.611721,5.69,Not spicy,True,40,4,15.09,2.96
120096,Golden Tako,San Francisco,2025-01-24T15:23:25.611755,4.21,Danger,True,37,5,27.83,8.07
606794,Tako Bell,San Francisco,2025-04-25T11:01:15.611793,4.6,Mild,False,32,9,30.35,7.92
710250,Sakura Tako House,Austin,2025-05-22T11:49:25.611827,5.13,Mild,True,48,3,11.51,1.81
207963,Octopus Garden,Miami,2025-05-17T18:06:36.611861,3.01,Not spicy,False,38,7,25.3,3.61
870917,Tokyo Balls,New York,2025-05-19T00:46:06.611895,15.0,Mild,True,76,2,12.65,3.18
810004,Crispy Tentacle Co.,Las Vegas,2025-04-30T05:44:04.611929,6.04,Not spicy,True,29,1,6.21,1.37
844657,Octopus Garden,Miami,2025-06-04T14:57:31.611963,9.0,Mild,True,31,2,11.15,2.42
043064,Tako Master,Miami,2025-03-27T19:59:59.611997,8.0,Mild,True,50,10,42.14,8.85
693655,Tako Master,New York,2025-04-11T21:33:42.612031,10.87,Mild,True,48,14,71.07,17.47
678998,Tako Master,New York,2025-06-17T14:55:22.612065,3.75,Hot,True,41,10,53.88,9.51
440463,Hot Tako Express,New York,2025-03-28T19:58:44.612099,6.01,Not spicy,True,57,1,6.77,0.69
379781,Hot Tako Express,Las Vegas,2025-02-02T08:36:14.612133,10.38,Not spicy,False,43,8,24.58,5.23
456641,Golden Tako,Las Vegas,2025-04-14T23:07:46.612167,4.12,Hot,True,35,4,16.85,4.44
682054,Crispy Tentacle Co.,Miami,2025-06-09T14:05:41.612201,5.92,Not spicy,True,49,10,34.65,12.13
964289,Tako Delight,Austin,2025-04-03T22:04:56.612234,2.66,Hot,True,16,9,28.47,8.5
456732,Osaka Kitchen,San Francisco,2025-03-07T05:39:42.612269,1.99,Mild,True,37,3,14.89,3.14
893085,Tokyo Balls,New York,2025-02-26T19:30:48.612303,4.64,Mild,True,51,2,9.76,2.15
924457,Hot Tako Express,Los Angeles,2025-05-29T09:05:11.612336,3.76,Not spicy,True,16,2,8.5,0.0
487282,Osaka Kitchen,Miami,2025-05-13T09:35:51.612370,3.5,Hot,True,26,3,12.76,2.95
397399,Tako Master,New York,2025-04-09T15:14:55.612404,2.21,Not spicy,True,34,9,44.54,7.03
892288,Tako Master,Los Angeles,2025-04-08T07:45:39.612438,1.06,Hot,False,15,4,19.69,3.7
222423,Tako Master,San Francisco,2025-03-10T17:42:27.612473,5.03,Mild,True,33,3,17.83,3.4
293243,Osaka Kitchen,Las Vegas,2025-06-23T13:12:40.612507,4.03,Not spicy,True,35,11,32.97,9.33
289688,Tako Delight,New York,2025-04-13T23:16:15.612552,5.29,Hot,False,51,1,7.01,1.17
994115,Tokyo Balls,New York,2025-02-19T12:24:51.612587,4.36,Not spicy,True,32,4,16.49,2.3
755053,Sakura Tako House,Austin,2025-04-21T10:55:20.612621,8.89,Hot,True,55,3,13.25,1.81
794993,Tokyo Balls,Las Vegas,2025-04-06T02:22:05.612656,13.65,Hot,False,51,10,32.79,1.82
677278,Hot Tako Express,Austin,2025-06-06T14:56:55.612690,15.0,Mild,True,60,1,7.9,0.0
018080,Octopus Garden,San Francisco,2025-02-15T16:19:39.612727,12.78,Not spicy,True,66,3,18.14,6.35
424045,Tokyo Balls,San Francisco,2025-05-12T13:53:29.612768,15.0,Not spicy,True,62,1,9.18,0.0
609805,Tako Master,Austin,2025-04-21T02:59:04.612805,4.18,Not spicy,True,30,6,23.8,4.22
556711,Tako Master,Austin,2025-05-28T11:55:28.612841,4.16,Hot,True,38,7,26.23,2.15
577124,Tako Master,San Francisco,2025-05-20T03:09:18.612878,1.72,Mild,True,32,6,30.76,4.76
475786,Crispy Tentacle Co.,San Francisco,2025-02-21T11:14:22.612915,1.63,Danger,True,23,2,10.73,1.17
241736,Octopus Garden,Las Vegas,2025-02-10T01:07:17.612951,0.59,Danger,False,24,5,17.83,3.48
330876,Octopus Garden,Las Vegas,2025-04-17T16:55:14.612988,4.37,Mild,True,32,12,40.52,12.69
997067,Golden Tako,Los Angeles,2025-02-14T16:02:20.613026,5.73,Not spicy,False,40,2,11.36,2.23
774483,Hot Tako Express,San Francisco,2025-05-24T08:25:28.613063,5.5,Not spicy,True,51,1,6.67,0.33
618226,Tako Delight,Miami,2025-02-27T14:28:59.613100,10.43,Danger,True,54,7,27.33,5.85
105409,Tokyo Balls,San Francisco,2025-02-16T19:45:43.613137,11.39,Hot,True,53,9,40.54,10.41
378411,Golden Tako,San Francisco,2025-01-06T09:32:59.613173,4.42,Mild,False,31,5,25.49,2.6
742411,Tako Delight,Los Angeles,2025-02-25T21:59:49.613210,2.19,Danger,True,26,18,62.98,0.0
047726,Tako Bell,Miami,2025-03-01T09:04:08.613249,8.01,Mild,True,50,6,20.03,5.1
731295,Golden Tako,Las Vegas,2025-06-21T06:56:10.613286,2.43,Mild,True,32,3,12.56,1.5
789359,Hot Tako Express,New York,2025-06-22T02:46:56.613323,0.99,Not spicy,True,30,7,22.61,3.22
012861,Osaka Kitchen,San Francisco,2025-04-04T19:09:42.613360,9.01,Hot,True,41,10,43.81,9.89
501968,Hot Tako Express,San Francisco,2025-02-08T10:48:38.613396,4.7,Not spicy,True,43,1,5.98,1.37
053872,Crispy Tentacle Co.,Austin,2025-01-25T19:17:53.613433,2.67,Mild,True,33,6,18.95,5.74
862050,Octopus Garden,Austin,2025-04-09T03:19:07.613469,6.13,Not spicy,True,30,2,9.13,2.03
077680,Osaka Kitchen,Las Vegas,2025-05-16T22:42:26.613506,2.72,Not spicy,False,32,1,5.44,1.39
056213,Golden Tako,Los Angeles,2025-06-10T03:48:34.613542,1.53,Hot,True,23,7,31.99,5.35
590180,Crispy Tentacle Co.,New York,2025-02-20T20:16:02.613579,4.25,Not spicy,True,49,5,21.83,3.41
124205,Tako Delight,Austin,2025-05-01T09:15:31.613615,4.81,Not spicy,True,37,7,20.56,3.45
625084,Osaka Kitchen,Los Angeles,2025-06-03T06:36:27.613653,0.5,Mild,True,26,2,9.51,1.41
547957,Sakura Tako House,Austin,2025-06-29T01:33:03.613693,7.37,Mild,False,33,2,9.5,2.68
464226,Crispy Tentacle Co.,Miami,2025-03-27T22:06:19.613732,12.42,Not spicy,True,63,3,14.25,2.78
320214,Osaka Kitchen,Miami,2025-01-15T08:18:25.613774,2.9,Not spicy,True,32,2,8.98,0.86
639244,Octopus Garden,Los Angeles,2025-05-05T02:43:29.613813,8.36,Mild,True,33,3,15.99,3.65
221275,Crispy Tentacle Co.,Las Vegas,2025-01-19T09:58:28.613851,7.94,Mild,False,42,1,6.9,1.62
164686,Tokyo Balls,Los Angeles,2025-04-20T20:05:02.613889,9.82,Mild,True,35,2,10.81,1.18
078711,Golden Tako,New York,2025-03-23T23:26:36.613932,5.15,Hot,True,40,3,17.02,1.61
472387,Osaka Kitchen,Austin,2025-03-01T04:58:49.613972,2.57,Danger,False,32,7,24.38,4.8
034225,Tokyo Balls,San Francisco,2025-05-20T22:15:59.614010,1.64,Not spicy,True,25,5,18.8,4.09
296451,Hot Tako Express,New York,2025-05-17T03:03:34.614049,1.59,Mild,True,44,2,8.74,0.52
244762,Crispy Tentacle Co.,Las Vegas,2025-04-28T04:13:56.614087,3.47,Not spicy,True,33,5,15.44,2.82
693300,Tokyo Balls,Austin,2025-01-25T22:30:35.614125,2.93,Not spicy,False,33,3,9.6,1.8
571015,Tokyo Balls,Las Vegas,2025-02-01T13:57:16.614163,1.43,Not spicy,False,27,14,36.37,7.5
952538,Crispy Tentacle Co.,Los Angeles,2025-01-17T12:24:27.614201,4.66,Not spicy,True,36,4,16.39,3.22
062535,Golden Tako,San Francisco,2025-04-29T04:43:11.614237,6.3,Hot,True,45,3,18.17,2.16
785339,Osaka Kitchen,San Francisco,2025-03-29T22:13:01.614278,5.4,Hot,True,25,1,7.63,1.53
130394,Hot Tako Express,Las Vegas,2025-03-03T16:46:52.614315,1.65,Not spicy,False,32,6,16.19,2.5
733723,Sakura Tako House,San Francisco,2025-04-10T19:58:58.614351,2.37,Not spicy,True,36,10,44.08,3.23
566211,Hot Tako Express,Austin,2025-01-19T06:29:59.614388,1.01,Hot,True,35,4,10.98,2.67
627086,Tako Bell,Austin,2025-05-26T06:47:23.614424,1.32,Not spicy,True,29,1,4.22,1.46
337978,Osaka Kitchen,San Francisco,2025-01-08T16:09:09.614461,15.0,Not spicy,True,78,9,41.38,13.04
095763,Tokyo Balls,Las Vegas,2025-06-14T23:27:47.614498,3.36,Not spicy,True,10,1,5.28,1.07
902317,Osaka Kitchen,Miami,2025-01-07T16:17:39.614534,0.56,Hot,False,28,2,8.99,2.34
801909,Crispy Tentacle Co.,Miami,2025-01-11T11:06:24.614571,4.89,Not spicy,True,42,1,6.34,0.32
800177,Golden Tako,Austin,2025-04-14T10:09:37.614607,1.88,Not spicy,True,21,6,21.83,2.13
683157,Hot Tako Express,San Francisco,2025-02-07T21:24:51.614643,3.66,Not spicy,True,46,6,22.08,2.59
613762,Sakura Tako House,Las Vegas,2025-06-10T18:16:12.614680,2.78,Mild,True,42,1,5.78,1.19
515611,Octopus Garden,Austin,2025-03-12T05:13:46.614716,7.06,Not spicy,True,38,4,15.85,4.43
428184,Tako Master,San Francisco,2025-05-13T18:39:43.614752,15.0,Not spicy,False,96,7,39.67,13.88
109680,Golden Tako,San Francisco,2025-03-24T14:01:07.614789,10.7,Hot,True,55,7,36.62,5.26
727369,Hot Tako Express,San Francisco,2025-05-12T07:28:36.614825,6.37,Mild,True,48,11,38.4,7.35
991107,Sakura Tako House,Miami,2025-01-10T18:38:04.614866,2.53,Not spicy,False,43,1,6.07,1.27
476919,Octopus Garden,San Francisco,2025-02-21T15:52:39.614904,9.14,Mild,False,54,1,8.64,2.34
338977,Octopus Garden,Austin,2025-06-20T14:23:20.614942,5.45,Not spicy,True,45,8,25.02,3.16
539593,Tako Bell,Las Vegas,2025-06-21T11:09:35.614980,10.46,Not spicy,True,57,4,13.32,2.76
568950,Hot Tako Express,Austin,2025-01-14T04:13:22.615023,2.01,Not spicy,True,21,2,6.8,1.21
196694,Tako Delight,San Francisco,2025-05-04T13:17:51.615065,2.92,Mild,True,19,1,6.45,1.58
793188,Hot Tako Express,Las Vegas,2025-03-30T11:40:25.615103,1.74,Mild,False,32,1,4.77,0.24
796907,Tako Bell,Los Angeles,2025-02-24T12:11:09.615142,4.6,Not spicy,False,30,1,5.94,1.64
575898,Golden Tako,San Francisco,2025-03-29T17:22:57.615180,1.85,Not spicy,True,16,3,16.48,1.58
923634,Hot Tako Express,New York,2025-01-09T06:09:17.615219,2.52,Not spicy,False,32,2,9.43,3.01
660626,Osaka Kitchen,Los Angeles,2025-05-21T11:26:28.615257,11.61,Mild,True,64,2,11.85,2.85
166071,Crispy Tentacle Co.,Miami,2025-01-06T07:20:28.615296,10.36,Mild,True,54,4,17.25,3.48
579077,Sakura Tako House,New York,2025-02-16T06:47:40.615335,3.29,Mild,False,35,1,6.98,1.43
882277,Octopus Garden,Austin,2025-01-26T11:02:43.615373,4.03,Not spicy,True,37,6,21.83,6.78
679172,Golden Tako,Austin,2025-05-22T19:13:37.615411,8.55,Not spicy,True,37,9,31.32,4.8
306039,Tako Delight,Las Vegas,2025-02-25T17:51:57.615449,4.25,Mild,True,26,5,16.82,3.51
435673,Hot Tako Express,Austin,2025-02-19T23:28:55.615486,1.46,Mild,False,30,6,15.97,2.2
478975,Tako Delight,Los Angeles,2025-03-19T03:15:14.615523,10.57,Not spicy,True,73,9,32.46,10.87
199869,Osaka Kitchen,Miami,2025-05-28T13:35:20.615560,8.71,Mild,True,42,5,19.95,0.0
922040,Golden Tako,New York,2025-02-26T07:01:11.615596,4.57,Not spicy,True,19,10,46.15,15.63
810208,Sakura Tako House,San Francisco,2025-06-05T14:38:34.615632,2.56,Not spicy,True,29,1,7.01,1.51
532401,Crispy Tentacle Co.,New York,2025-02-27T13:44:19.615669,3.44,Not spicy,True,30,3,13.28,1.48
761319,Crispy Tentacle Co.,Miami,2025-04-26T06:15:08.615705,2.63,Hot,False,38,2,9.21,1.61
691998,Hot Tako Express,Los Angeles,2025-03-31T08:40:31.615741,3.73,Mild,True,30,1,5.94,1.35
564742,Hot Tako Express,San Francisco,2025-03-09T04:53:45.615782,3.28,Mild,True,45,5,18.68,4.96
578727,Tako Delight,Austin,2025-04-02T01:40:23.615818,9.78,Mild,True,46,1,6.89,0.88
978166,Tako Master,Los Angeles,2025-05-19T02:11:30.615855,4.88,Mild,True,24,1,7.41,1.02
250405,Osaka Kitchen,Austin,2025-02-18T00:05:36.615891,10.15,Mild,True,65,4,15.24,4.16
897594,Sakura Tako House,New York,2025-03-06T10:25:21.615928,10.1,Mild,True,55,1,8.76,1.66
780879,Hot Tako Express,Las Vegas,2025-06-30T00:30:24.615964,2.02,Not spicy,False,35,1,4.82,0.76
850823,Sakura Tako House,Austin,2025-05-12T12:37:39.616001,4.32,Mild,True,26,5,19.31,4.1
830884,Golden Tako,Austin,2025-01-10T20:08:15.616041,4.3,Not spicy,False,42,3,12.09,2.37
132378,Tako Delight,Miami,2025-03-09T02:49:15.616077,3.59,Mild,False,41,1,5.8,0.73
911946,Octopus Garden,Austin,2025-01-23T00:18:13.616114,1.0,Not spicy,True,31,2,7.82,0.39
551499,Hot Tako Express,New York,2025-05-23T22:26:45.616150,12.57,Not spicy,True,69,5,21.09,7.38
151157,Sakura Tako House,Las Vegas,2025-02-02T14:59:20.616187,6.46,Hot,False,51,7,27.2,3.03
078463,Hot Tako Express,San Francisco,2025-03-10T09:25:23.616223,2.52,Not spicy,False,38,6,22.69,7.21
653534,Sakura Tako House,Las Vegas,2025-01-19T05:54:36.616259,5.22,Mild,True,45,3,12.56,1.55
893140,Tako Master,Las Vegas,2025-06-19T12:26:18.616295,2.44,Mild,False,24,3,13.55,1.69
559543,Sakura Tako House,San Francisco,2025-05-05T08:42:34.616332,6.74,Hot,True,49,5,26.65,7.16
753629,Hot Tako Express,Miami,2025-01-10T14:54:55.616370,2.33,Mild,True,25,4,13.77,2.97
647453,Octopus Garden,Los Angeles,2025-05-06T05:02:13.616411,2.57,Not spicy,True,36,2,9.93,0.0
717644,Crispy Tentacle Co.,Los Angeles,2025-05-28T15:47:49.616447,1.67,Hot,False,40,2,9.17,2.11
094769,Sakura Tako House,New York,2025-05-31T07:11:35.616483,8.21,Hot,False,47,2,12.57,0.0
664532,Octopus Garden,Austin,2025-02-04T22:55:46.616520,11.84,Mild,True,40,5,20.62,0.0
727712,Crispy Tentacle Co.,New York,2025-01-12T13:56:49.616556,6.11,Mild,True,53,8,33.69,7.87
340131,Tako Bell,San Francisco,2025-03-14T06:10:25.616593,15.0,Not spicy,True,73,4,17.95,5.14
393049,Sakura Tako House,Los Angeles,2025-02-20T01:39:22.616630,7.39,Mild,True,53,3,14.85,4.82
556968,Sakura Tako House,Miami,2025-05-16T01:02:01.616667,4.49,Mild,True,23,5,21.02,2.11
831016,Golden Tako,Los Angeles,2025-02-06T15:29:45.616703,7.03,Mild,True,32,8,37.5,10.23
082804,Osaka Kitchen,Austin,2025-05-03T23:40:23.616739,2.05,Mild,True,53,4,13.82,3.48
716318,Tokyo Balls,Austin,2025-06-29T21:42:18.616775,3.09,Not spicy,True,30,1,4.98,1.22
611484,Golden Tako,Los Angeles,2025-04-03T04:43:40.616812,3.92,Mild,True,40,7,31.17,6.1
668891,Crispy Tentacle Co.,Austin,2025-02-22T05:31:20.616848,2.96,Danger,False,31,8,25.59,3.46
699233,Tako Bell,Austin,2025-06-27T15:33:14.616885,2.64,Mild,True,24,1,4.57,0.71
301603,Tako Delight,Los Angeles,2025-01-17T23:50:06.616921,1.71,Not spicy,True,20,2,8.54,1.65
463187,Tako Master,Miami,2025-03-02T17:46:24.616959,3.31,Not spicy,False,33,1,6.42,1.06
669975,Sakura Tako House,Las Vegas,2025-02-21T05:09:20.616995,3.36,Mild,True,35,1,6.04,0.3
479027,Crispy Tentacle Co.,Los Angeles,2025-03-19T08:24:50.617031,0.99,Hot,True,24,3,12.83,3.94
894787,Hot Tako Express,New York,2025-02-18T17:04:20.617074,6.59,Not spicy,True,54,8,28.51,8.61
399889,Osaka Kitchen,San Francisco,2025-04-25T06:25:52.617111,15.0,Mild,True,61,8,37.96,12.37
310244,Crispy Tentacle Co.,New York,2025-06-13T19:52:08.617148,15.0,Not spicy,True,57,11,49.32,17.26
690203,Sakura Tako House,San Francisco,2025-01-05T05:21:10.617185,1.67,Mild,True,34,5,23.63,5.22
593419,Tako Bell,Miami,2025-05-28T08:22:03.617222,2.76,Hot,True,29,10,26.69,5.13
520856,Crispy Tentacle Co.,Los Angeles,2025-05-01T12:44:29.617260,2.93,Not spicy,True,43,8,29.61,3.16
840886,Tako Master,Los Angeles,2025-05-07T06:28:04.617299,6.21,Not spicy,True,42,1,7.85,2.35
199367,Osaka Kitchen,San Francisco,2025-05-15T06:13:29.617337,4.0,Not spicy,True,29,3,14.67,2.22
792280,Golden Tako,Las Vegas,2025-01-22T12:25:49.617374,0.75,Hot,True,10,3,12.29,3.28
947287,Tako Bell,San Francisco,2025-06-05T18:48:17.617411,2.77,Mild,True,24,10,33.15,0.0
462236,Tako Bell,Miami,2025-03-15T11:59:24.617449,0.85,Hot,True,41,1,4.69,0.9
767934,Golden Tako,New York,2025-06-29T06:47:11.617485,2.34,Not spicy,False,29,3,15.86,2.78
309445,Tako Master,Las Vegas,2025-03-25T07:59:54.617522,7.76,Hot,True,51,1,7.68,2.22
184171,Tokyo Balls,Los Angeles,2025-06-05T09:01:44.617559,2.55,Not spicy,False,23,5,18.0,1.19
565610,Tako Master,Miami,2025-04-11T02:08:48.617596,8.98,Hot,False,39,6,29.49,9.44
957860,Crispy Tentacle Co.,Los Angeles,2025-02-22T13:10:51.617633,1.88,Not spicy,True,19,2,8.89,0.78
958449,Hot Tako Express,San Francisco,2025-05-28T14:49:56.617669,5.81,Not spicy,False,32,3,13.16,1.17
912677,Tako Master,New York,2025-04-04T14:11:45.617706,8.67,Mild,False,61,7,38.57,6.03
078957,Golden Tako,Los Angeles,2025-06-19T16:09:33.617742,9.45,Hot,False,49,2,12.32,2.06
709176,Sakura Tako House,Miami,2025-03-15T16:14:56.617779,2.3,Hot,True,15,6,24.25,1.21
094689,Sakura Tako House,New York,2025-02-24T00:04:47.617819,1.5,Not spicy,True,46,4,19.93,2.76
562636,Octopus Garden,Austin,2025-03-16T05:20:50.617855,15.0,Hot,True,52,2,11.93,3.23
705511,Crispy Tentacle Co.,Miami,2025-03-18T15:19:16.617902,1.81,Not spicy,False,47,2,8.94,0.0
862367,Tako Master,New York,2025-05-14T16:34:47.617939,6.29,Not spicy,True,58,4,22.43,6.03
245180,Hot Tako Express,New York,2025-05-03T22:54:40.617975,3.22,Not spicy,True,50,2,9.43,1.68
927187,Tako Delight,San Francisco,2025-06-30T09:00:55.618015,0.79,Not spicy,False,24,2,9.43,1.18
639717,Tokyo Balls,Las Vegas,2025-01-15T22:13:34.618051,3.12,Not spicy,False,36,7,18.27,2.47
666269,Hot Tako Express,Las Vegas,2025-03-03T07:55:18.618087,5.86,Not spicy,True,50,3,10.62,1.93
680776,Sakura Tako House,New York,2025-01-30T19:01:18.618124,3.41,Mild,True,39,4,19.64,4.61
047549,Tako Bell,San Francisco,2025-04-09T07:24:38.618160,0.78,Hot,False,36,4,14.86,2.53
121761,Octopus Garden,Los Angeles,2025-06-24T22:32:30.618196,15.0,Mild,True,47,3,16.89,0.0
563658,Golden Tako,Austin,2025-04-01T17:44:48.618233,1.72,Hot,True,26,2,9.1,1.53
389033,Tako Delight,Austin,2025-04-27T16:49:04.618270,5.37,Mild,True,42,6,17.98,6.29
778325,Golden Tako,Austin,2025-05-10T19:46:15.618306,3.53,Hot,True,34,8,30.01,5.42
103831,Hot Tako Express,Miami,2025-03-23T21:34:17.618342,4.28,Mild,True,43,4,13.57,2.92
984668,Crispy Tentacle Co.,New York,2025-05-17T16:33:16.618379,12.76,Hot,False,60,3,16.8,3.8
388528,Tokyo Balls,Austin,2025-03-31T00:02:47.618415,2.5,Hot,True,32,5,15.43,0.77
996729,Tokyo Balls,San Francisco,2025-01-22T22:38:22.618452,3.45,Mild,False,29,9,33.34,0.0
718987,Tako Master,Miami,2025-06-27T17:49:21.618489,10.37,Not spicy,True,67,1,8.55,1.52
676149,Tako Master,New York,2025-03-21T23:04:43.618525,2.79,Not spicy,True,30,3,16.79,3.62
289282,Tokyo Balls,New York,2025-06-17T07:44:04.618562,4.17,Mild,True,37,13,48.99,6.82
864226,Hot Tako Express,New York,2025-05-12T08:20:23.618598,3.69,Mild,True,44,3,12.3,3.33
222409,Osaka Kitchen,New York,2025-01-13T11:19:35.618635,4.1,Not spicy,False,28,1,6.44,1.23
825013,Tako Master,Los Angeles,2025-01-28T02:27:41.618671,7.68,Not spicy,True,28,7,33.27,6.45
825206,Osaka Kitchen,Los Angeles,2025-01-16T23:21:36.618708,1.78,Mild,True,15,1,5.81,1.33
870127,Tako Delight,Los Angeles,2025-04-27T12:21:24.618746,6.81,Hot,True,38,2,10.49,1.17
226441,Tokyo Balls,San Francisco,2025-06-03T00:25:57.618783,9.8,Not spicy,True,53,6,24.04,7.5
154721,Osaka Kitchen,New York,2025-02-26T11:48:28.618819,7.27,Mild,False,55,2,11.28,3.95
900104,Golden Tako,Los Angeles,2025-04-18T13:12:00.618856,7.93,Hot,True,32,11,49.47,15.38
262829,Golden Tako,New York,2025-05-12T00:21:55.618892,7.62,Not spicy,False,36,1,8.21,2.56
908536,Tako Bell,Los Angeles,2025-01-06T12:52:03.618929,15.0,Mild,True,69,3,13.55,3.74
375644,Tokyo Balls,Miami,2025-03-07T12:29:52.618966,7.35,Mild,True,27,1,6.78,0.0
016547,Golden Tako,San Francisco,2025-01-13T19:48:38.619002,2.28,Mild,False,41,2,11.49,4.02
132915,Sakura Tako House,Miami,2025-01-25T17:15:27.619038,2.9,Mild,False,26,1,6.49,2.15
781886,Octopus Garden,Austin,2025-03-31T16:43:39.619074,1.18,Hot,True,36,1,5.35,0.27
815809,Tako Master,Miami,2025-04-28T22:17:52.619111,4.9,Mild,True,36,11,47.85,4.45
114351,Hot Tako Express,Miami,2025-02-15T16:06:37.619147,3.7,Mild,True,34,5,15.46,2.29
991340,Osaka Kitchen,New York,2025-05-24T20:48:41.619184,2.44,Mild,False,33,7,28.74,0.0
821273,Tako Delight,San Francisco,2025-04-02T14:14:47.619220,11.43,Danger,True,48,3,15.85,4.94
674591,Tako Bell,New York,2025-04-06T15:49:51.619256,1.48,Not spicy,True,24,1,5.34,1.22
888456,Sakura Tako House,Austin,2025-05-16T21:03:34.619293,12.45,Not spicy,True,56,3,13.59,4.36
113206,Hot Tako Express,Las Vegas,2025-06-29T07:07:36.619329,2.15,Mild,True,33,5,14.59,3.63
465108,Octopus Garden,New York,2025-03-07T04:45:48.619366,1.74,Not spicy,True,34,3,14.35,3.46
637846,Golden Tako,New York,2025-01-28T03:42:32.619408,15.0,Mild,True,52,1,10.39,3.64
288375,Osaka Kitchen,Las Vegas,2025-04-27T07:36:38.619445,10.84,Not spicy,True,48,5,19.83,1.42
574993,Tako Master,Austin,2025-04-29T15:39:41.619481,5.91,Mild,True,47,5,21.14,2.87
556329,Crispy Tentacle Co.,Austin,2025-04-11T19:39:08.619518,7.88,Not spicy,True,42,1,6.44,2.05
634836,Sakura Tako House,New York,2025-06-06T15:42:33.619554,14.02,Mild,True,55,11,52.99,9.26
735869,Octopus Garden,Las Vegas,2025-05-10T01:06:18.619591,2.79,Not spicy,True,30,1,5.54,0.28
920341,Tako Delight,Las Vegas,2025-06-20T17:06:00.619627,3.78,Not spicy,True,42,3,10.9,2.29
225468,Sakura Tako House,Austin,2025-06-25T02:25:03.619664,4.21,Mild,True,23,3,12.11,1.5
239592,Sakura Tako House,San Francisco,2025-06-13T07:40:00.619700,2.29,Not spicy,True,38,4,18.86,5.18
475528,Sakura Tako House,Austin,2025-05-25T07:51:15.619737,2.33,Mild,False,30,3,11.73,2.18
099704,Tako Master,Austin,2025-03-05T08:04:44.619773,2.45,Hot,False,32,4,16.76,2.11
697416,Crispy Tentacle Co.,San Francisco,2025-02-02T06:57:45.619809,6.64,Not spicy,False,52,1,7.53,0.38
720184,Hot Tako Express,New York,2025-01-21T08:45:06.619846,5.2,Mild,False,39,11,37.67,11.08
872176,Octopus Garden,New York,2025-03-28T12:18:14.619882,15.0,Not spicy,True,74,4,21.07,4.43
101255,Tako Master,Los Angeles,2025-04-21T16:29:21.619919,5.82,Not spicy,False,52,4,21.07,5.15
062894,Osaka Kitchen,Miami,2025-04-22T17:14:52.619970,6.81,Mild,True,41,2,9.77,2.11
345658,Octopus Garden,Austin,2025-03-13T07:30:00.620011,13.74,Mild,True,49,5,19.19,4.09
916043,Sakura Tako House,Las Vegas,2025-01-13T15:22:10.620048,3.06,Not spicy,True,21,3,12.7,1.73
301601,Osaka Kitchen,San Francisco,2025-03-12T22:24:13.620089,2.5,Not spicy,True,34,4,18.9,0.0
108633,Osaka Kitchen,Miami,2025-02-13T23:02:53.620126,5.16,Mild,True,29,11,38.02,6.38
162246,Hot Tako Express,Los Angeles,2025-06-17T04:12:02.620162,1.21,Not spicy,False,30,5,16.11,1.54
113475,Tako Master,Miami,2025-03-16T00:34:20.620199,11.28,Mild,True,53,3,16.24,2.69
120465,Crispy Tentacle Co.,Miami,2025-02-16T13:35:28.620237,4.9,Mild,True,38,3,12.74,3.4
846432,Sakura Tako House,Miami,2025-06-01T16:06:30.620277,8.61,Not spicy,True,48,2,11.07,2.27
858182,Osaka Kitchen,Miami,2025-05-14T17:13:59.620313,1.32,Danger,True,14,7,26.1,7.72
673918,Tako Delight,New York,2025-05-01T21:44:08.620349,6.35,Hot,True,43,5,22.92,1.27
974215,Crispy Tentacle Co.,New York,2025-02-07T16:24:48.620386,5.08,Not spicy,True,36,3,14.91,1.97
286544,Crispy Tentacle Co.,San Francisco,2025-03-12T19:30:04.620422,1.04,Mild,True,19,1,6.46,2.08
006402,Golden Tako,Los Angeles,2025-04-23T14:51:40.620459,11.75,Mild,True,50,5,25.35,7.22
689275,Sakura Tako House,New York,2025-01-31T04:47:50.620495,1.84,Not spicy,True,30,4,18.16,3.73
776962,Tako Bell,New York,2025-05-28T12:44:47.620532,4.72,Hot,True,32,3,12.93,4.53
556251,Tokyo Balls,Austin,2025-03-26T04:10:29.620568,9.65,Not spicy,True,46,8,23.68,7.12
475682,Tako Master,Los Angeles,2025-03-16T12:11:09.620604,15.0,Hot,True,53,1,10.09,1.6
326775,Tako Master,Miami,2025-04-29T10:13:04.620641,15.0,Mild,True,60,1,9.72,1.01
089083,Tako Bell,Los Angeles,2025-02-03T05:11:48.620677,2.52,Hot,True,19,5,16.49,4.34
791083,Osaka Kitchen,New York,2025-05-14T12:32:07.620714,12.27,Hot,False,65,6,29.63,6.96
085544,Crispy Tentacle Co.,Austin,2025-05-12T04:28:17.620750,3.07,Hot,True,27,5,17.14,4.43
444611,Hot Tako Express,Miami,2025-03-30T11:41:19.620787,1.52,Danger,True,25,11,34.83,7.93
434303,Crispy Tentacle Co.,Los Angeles,2025-05-30T05:54:13.620823,4.15,Not spicy,True,39,6,22.74,1.68
537234,Octopus Garden,San Francisco,2025-03-28T03:09:22.620865,15.0,Mild,True,52,3,18.77,3.58
116276,Crispy Tentacle Co.,Las Vegas,2025-05-15T09:35:19.620903,13.11,Hot,False,56,1,7.95,0.82
621946,Hot Tako Express,Miami,2025-05-13T04:40:36.620939,2.03,Not spicy,True,30,7,21.44,2.93
323401,Tako Bell,Los Angeles,2025-03-21T09:40:28.620975,2.85,Mild,False,35,5,17.92,3.32
628437,Tako Bell,New York,2025-02-12T08:17:39.621012,3.36,Hot,False,32,1,6.14,0.71
316061,Tokyo Balls,Los Angeles,2025-06-01T00:51:41.621048,8.61,Not spicy,False,45,6,22.46,4.1
267931,Crispy Tentacle Co.,San Francisco,2025-01-26T22:46:52.621084,4.75,Mild,False,34,3,14.92,4.66
008105,Hot Tako Express,Las Vegas,2025-03-28T06:36:41.621120,4.82,Mild,True,52,8,21.77,4.32
184229,Golden Tako,Austin,2025-04-17T01:37:38.621156,11.88,Not spicy,False,51,6,24.56,0.0
737852,Tokyo Balls,Miami,2025-04-22T03:27:14.621193,4.75,Mild,True,40,2,9.06,1.13
873835,Tako Master,New York,2025-03-21T18:05:57.621229,6.29,Not spicy,True,44,2,13.33,2.93
903625,Tako Bell,Austin,2025-01-07T06:57:19.621265,1.8,Danger,True,29,1,4.55,1.5
482087,Octopus Garden,San Francisco,2025-04-25T10:50:44.621301,2.72,Hot,True,37,3,16.2,2.22
450137,Osaka Kitchen,Austin,2025-05-21T10:07:06.621338,9.18,Danger,True,28,10,32.43,0.0
671237,Sakura Tako House,San Francisco,2025-01-26T00:21:37.621374,2.53,Not spicy,True,38,6,27.84,5.23
424707,Tako Bell,San Francisco,2025-02-06T00:36:02.621411,1.67,Mild,False,16,1,5.54,0.89
840247,Osaka Kitchen,Austin,2025-06-14T05:08:07.621447,2.58,Mild,True,16,8,25.42,4.86
723108,Tako Master,New York,2025-03-29T10:50:16.621484,5.47,Danger,False,30,1,8.35,1.56
885506,Octopus Garden,Los Angeles,2025-03-29T06:00:48.621520,9.99,Not spicy,True,41,2,11.15,2.86
617476,Sakura Tako House,Miami,2025-01-18T22:08:08.621556,9.36,Hot,True,38,2,11.27,1.35
414991,Crispy Tentacle Co.,Las Vegas,2025-03-10T13:51:36.621592,6.5,Not spicy,True,31,1,6.41,1.83
232335,Tako Master,Los Angeles,2025-01-18T11:34:02.621628,3.81,Hot,True,38,3,15.95,1.88
535280,Octopus Garden,Miami,2025-04-12T16:09:44.621665,1.48,Mild,True,15,5,19.26,0.96
203322,Tako Master,San Francisco,2025-05-24T21:26:45.621704,8.43,Not spicy,True,56,1,8.93,2.02
858729,Golden Tako,Los Angeles,2025-01-23T14:43:02.621740,3.3,Not spicy,True,30,11,45.13,9.4
153557,Crispy Tentacle Co.,Los Angeles,2025-02-06T08:10:39.621776,12.83,Not spicy,True,45,1,8.53,2.45
631661,Golden Tako,Las Vegas,2025-01-18T06:47:07.621813,3.81,Not spicy,True,27,2,9.89,1.97
185751,Hot Tako Express,Austin,2025-05-30T03:35:09.621849,3.59,Not spicy,True,30,5,13.41,4.16
591119,Osaka Kitchen,Austin,2025-05-15T21:55:32.621885,3.98,Hot,True,24,1,6.08,0.0
969045,Osaka Kitchen,Las Vegas,2025-05-07T00:19:06.621921,1.84,Not spicy,True,38,2,8.07,1.13
654858,Tako Master,Las Vegas,2025-03-06T00:55:39.621958,4.46,Not spicy,True,31,10,39.03,11.87
158290,Hot Tako Express,New York,2025-04-04T16:56:39.621998,15.0,Not spicy,True,83,10,39.24,7.88
463688,Crispy Tentacle Co.,San Francisco,2025-04-28T11:49:46.622036,9.58,Not spicy,True,48,3,15.95,4.04
058900,Tako Master,Miami,2025-01-18T01:22:01.622073,5.69,Mild,True,40,2,11.79,2.59
325486,Hot Tako Express,Austin,2025-01-10T22:52:33.622110,2.36,Hot,True,16,7,20.59,5.12
059653,Tako Master,San Francisco,2025-01-18T13:12:21.622146,3.43,Not spicy,True,43,5,26.77,8.31
675981,Octopus Garden,Miami,2025-04-29T00:13:34.622183,7.16,Mild,True,38,2,10.09,1.89
531699,Sakura Tako House,Austin,2025-04-26T08:08:40.622219,2.21,Hot,True,10,6,20.52,3.68
581242,Tako Bell,Austin,2025-06-29T04:05:36.622256,9.66,Mild,True,50,6,18.22,5.27
849153,Osaka Kitchen,Las Vegas,2025-02-09T04:52:23.622293,1.01,Mild,True,34,9,30.12,3.41
337145,Osaka Kitchen,Austin,2025-04-11T00:09:16.622333,2.78,Hot,True,10,9,29.41,6.71
158189,Tako Bell,Austin,2025-01-23T17:58:02.622369,1.7,Mild,True,26,5,13.74,0.69
850360,Tako Master,Las Vegas,2025-01-20T00:36:57.622405,2.5,Danger,False,46,10,40.69,7.84
529057,Golden Tako,New York,2025-02-20T18:10:58.622442,15.0,Mild,True,82,3,19.17,5.04
741995,Hot Tako Express,Austin,2025-04-15T09:57:00.622478,7.06,Mild,True,31,3,10.76,0.54
548141,Osaka Kitchen,Los Angeles,2025-03-15T07:30:03.622516,2.95,Not spicy,True,36,5,20.26,1.01
390963,Crispy Tentacle Co.,Austin,2025-03-24T00:37:01.622552,0.86,Mild,True,27,3,10.99,2.34
812085,Tako Master,Las Vegas,2025-04-29T17:57:49.622589,15.0,Not spicy,True,51,3,16.06,2.36
054909,Tako Master,New York,2025-03-08T16:05:02.622625,2.04,Not spicy,True,31,8,40.22,6.55
099096,Tako Delight,Las Vegas,2025-03-19T17:08:00.622662,2.95,Not spicy,True,19,4,12.5,0.95
297949,Crispy Tentacle Co.,Las Vegas,2025-06-18T00:12:00.622698,2.4,Hot,False,29,13,43.34,9.85
688457,Osaka Kitchen,Los Angeles,2025-03-09T09:11:35.622742,2.5,Mild,False,48,2,9.9,1.79
085461,Osaka Kitchen,Las Vegas,2025-01-31T02:43:03.622779,1.23,Not spicy,False,30,4,13.79,2.62
961278,Tako Master,San Francisco,2025-05-11T01:03:00.622818,5.41,Hot,True,36,1,8.42,2.79
732409,Sakura Tako House,Los Angeles,2025-04-29T04:42:24.622856,8.17,Mild,True,43,2,11.75,2.74
743266,Octopus Garden,San Francisco,2025-04-22T04:22:45.622892,2.16,Hot,True,27,2,11.27,2.04
394976,Tako Master,Los Angeles,2025-05-13T18:34:56.622929,3.28,Not spicy,False,31,3,16.07,2.71
736971,Tako Delight,New York,2025-05-09T02:18:26.622966,4.78,Hot,True,29,8,32.8,8.45
703024,Sakura Tako House,Miami,2025-03-14T21:51:17.623003,4.09,Not spicy,False,39,6,24.26,3.23
019116,Tako Master,San Francisco,2025-02-07T15:41:58.623039,3.94,Not spicy,True,32,14,74.04,12.6
997373,Tokyo Balls,San Francisco,2025-06-01T10:09:37.623076,3.82,Hot,True,39,2,10.65,0.92
509892,Tokyo Balls,Los Angeles,2025-01-30T08:42:52.623112,2.29,Not spicy,True,35,3,10.96,0.55
162471,Octopus Garden,San Francisco,2025-06-16T14:56:06.623148,9.64,Not spicy,True,51,5,24.7,8.64
826403,Octopus Garden,Miami,2025-06-02T08:09:00.623189,3.58,Not spicy,False,34,3,12.93,2.8
565990,Tako Delight,New York,2025-05-12T04:25:38.623226,6.08,Mild,True,51,3,14.0,3.51
353123,Osaka Kitchen,Los Angeles,2025-04-29T14:59:01.623262,2.43,Mild,True,30,9,34.46,9.77
395019,Golden Tako,Los Angeles,2025-02-07T18:25:00.623298,4.53,Not spicy,True,39,8,34.03,5.88
871728,Osaka Kitchen,Los Angeles,2025-05-23T16:34:11.623334,3.97,Not spicy,True,50,2,9.47,1.75
458933,Tako Bell,Austin,2025-03-15T09:22:18.623370,15.0,Danger,True,57,1,7.96,0.0
709217,Tokyo Balls,Austin,2025-05-02T05:11:40.623407,4.14,Mild,True,26,1,5.43,1.5
298768,Hot Tako Express,Los Angeles,2025-04-17T08:17:09.623443,0.66,Hot,False,23,2,7.17,1.58
250786,Crispy Tentacle Co.,Austin,2025-06-28T04:26:21.623480,1.2,Not spicy,True,32,19,49.91,9.88
875679,Tokyo Balls,San Francisco,2025-05-15T08:45:09.623516,6.65,Not spicy,True,18,1,7.23,0.54
993137,Osaka Kitchen,Austin,2025-04-03T07:11:53.623553,3.47,Not spicy,True,33,5,18.11,6.34
806814,Crispy Tentacle Co.,Austin,2025-04-11T07:19:43.623589,4.46,Mild,True,45,4,13.99,2.84
553081,Sakura Tako House,Los Angeles,2025-06-11T06:36:09.623626,12.54,Not spicy,True,50,2,12.61,4.28
209398,Osaka Kitchen,Los Angeles,2025-06-22T04:05:50.623668,1.03,Hot,True,35,2,9.53,3.34
262147,Tako Bell,Las Vegas,2025-04-06T23:19:42.623708,4.75,Hot,True,41,4,13.54,3.02
916578,Tako Master,Miami,2025-01-23T13:42:59.623751,4.16,Not spicy,False,30,2,11.03,1.74
745957,Tako Delight,New York,2025-02-28T00:06:12.623798,0.99,Mild,True,24,2,8.92,0.94
087949,Golden Tako,San Francisco,2025-03-31T21:35:34.623836,0.89,Not spicy,True,26,13,65.21,4.74
949282,Tako Delight,Los Angeles,2025-06-14T00:34:19.623873,8.36,Mild,True,39,1,7.3,1.15
458723,Octopus Garden,Los Angeles,2025-06-11T05:43:35.623909,6.73,Not spicy,False,35,3,15.01,1.21
473041,Tako Master,New York,2025-03-25T05:10:24.623948,3.3,Not spicy,True,31,3,16.74,1.96
055843,Sakura Tako House,Miami,2025-03-17T06:24:01.623987,2.71,Not spicy,True,37,2,9.73,1.99
247231,Sakura Tako House,New York,2025-03-17T10:49:59.624024,13.68,Not spicy,True,44,5,25.13,4.52
235445,Tako Bell,San Francisco,2025-01-22T21:22:27.624060,2.44,Hot,True,41,3,12.62,1.38
879940,Tako Master,Los Angeles,2025-01-30T08:52:27.624096,6.28,Not spicy,True,54,2,12.06,3.34
040163,Crispy Tentacle Co.,Austin,2025-05-18T19:32:39.624132,2.66,Not spicy,True,29,2,7.3,1.44
871482,Golden Tako,Las Vegas,2025-04-04T17:49:30.624169,1.86,Hot,False,27,6,23.72,4.92
470392,Osaka Kitchen,New York,2025-06-28T13:12:55.624205,5.73,Hot,True,35,5,23.25,5.4
083074,Tako Bell,San Francisco,2025-02-14T12:38:15.624247,4.06,Not spicy,True,31,1,6.02,1.48
875522,Golden Tako,Miami,2025-05-24T20:46:24.624284,0.67,Not spicy,True,43,8,30.12,5.45
638457,Tako Delight,Austin,2025-01-25T05:46:54.624320,3.24,Not spicy,False,28,4,12.44,2.78
813875,Crispy Tentacle Co.,Los Angeles,2025-03-03T03:04:47.624356,8.77,Not spicy,False,33,2,11.08,3.19
127767,Tako Bell,Los Angeles,2025-03-26T04:08:32.624395,12.99,Not spicy,True,77,14,41.3,8.79
669989,Osaka Kitchen,Austin,2025-01-15T20:18:58.624432,6.91,Mild,True,46,3,12.23,3.22
116242,Hot Tako Express,Miami,2025-04-17T17:48:19.624468,2.47,Danger,True,30,3,11.66,3.2
017233,Tako Delight,Miami,2025-02-19T15:07:37.624504,2.18,Not spicy,True,21,1,5.15,0.26
753448,Golden Tako,San Francisco,2025-03-28T00:00:42.624546,9.94,Not spicy,True,63,8,41.11,4.72
001640,Osaka Kitchen,San Francisco,2025-02-19T08:43:27.624582,6.97,Not spicy,False,47,3,15.31,3.58
598384,Sakura Tako House,Los Angeles,2025-05-12T15:48:29.624618,1.62,Not spicy,True,32,1,6.17,0.81
700674,Octopus Garden,Miami,2025-03-14T16:08:56.624657,1.78,Mild,True,19,1,6.0,1.91
070966,Tako Delight,Miami,2025-04-12T03:55:55.624696,1.92,Not spicy,True,35,1,5.18,1.08
824613,Tako Delight,Miami,2025-01-07T14:22:42.624732,5.8,Mild,False,51,5,17.77,4.42
409420,Hot Tako Express,New York,2025-05-07T02:03:15.624773,5.26,Not spicy,True,42,1,6.38,1.11
405674,Tako Master,San Francisco,2025-05-28T18:21:40.624810,6.27,Mild,False,39,1,8.47,1.57
017031,Tako Master,New York,2025-03-11T14:30:34.624847,14.49,Not spicy,True,85,3,19.33,3.28
252838,Octopus Garden,Miami,2025-05-26T09:49:59.624883,1.26,Hot,True,30,9,34.49,6.52
793435,Tako Master,Los Angeles,2025-01-12T06:13:58.624920,4.31,Hot,True,37,2,11.76,1.99
369412,Tako Delight,San Francisco,2025-06-10T14:50:22.624956,3.89,Hot,True,29,1,6.71,1.98
674020,Golden Tako,Las Vegas,2025-04-03T20:54:47.624992,15.0,Mild,True,51,2,12.74,2.38
729168,Hot Tako Express,Las Vegas,2025-02-08T01:05:26.625029,6.69,Mild,False,34,15,41.49,5.41
850916,Golden Tako,New York,2025-05-22T16:37:31.625065,4.96,Not spicy,True,40,3,16.85,2.75
813894,Hot Tako Express,New York,2025-03-01T15:09:18.625101,6.03,Not spicy,True,52,2,10.23,3.05
211383,Tako Bell,Los Angeles,2025-06-24T15:41:45.625137,14.29,Not spicy,False,53,2,11.37,1.02
043941,Tako Master,San Francisco,2025-04-13T17:28:30.625173,8.44,Danger,True,46,2,15.31,3.59
417568,Tako Delight,Austin,2025-02-21T20:08:28.625210,2.99,Not spicy,True,24,7,19.98,2.84
038399,Tokyo Balls,San Francisco,2025-03-13T23:14:01.625246,1.75,Not spicy,False,44,7,26.76,3.2
904017,Tako Bell,Las Vegas,2025-03-09T02:29:41.625282,11.97,Mild,False,45,6,19.88,1.69
286488,Octopus Garden,San Francisco,2025-03-29T11:57:16.625318,6.94,Danger,True,26,7,36.28,11.98
932694,Sakura Tako House,Las Vegas,2025-03-30T00:56:05.625355,15.0,Mild,True,37,1,8.85,1.26
938095,Sakura Tako House,San Francisco,2025-02-08T22:14:41.625391,4.73,Not spicy,False,25,8,39.71,6.86
520306,Hot Tako Express,San Francisco,2025-07-02T03:12:45.625428,1.76,Mild,True,49,3,13.17,2.18
836020,Tako Delight,San Francisco,2025-06-08T05:14:03.625464,5.96,Not spicy,True,55,5,20.46,3.62
086624,Sakura Tako House,New York,2025-03-28T06:23:18.625500,2.78,Mild,True,48,5,24.11,5.49
631718,Golden Tako,Miami,2025-03-01T16:39:51.625536,8.6,Hot,True,46,6,25.54,5.06
336814,Octopus Garden,New York,2025-03-08T07:49:52.625572,5.62,Not spicy,False,41,4,18.86,4.51
693024,Crispy Tentacle Co.,San Francisco,2025-03-31T05:43:54.625609,5.46,Mild,False,30,2,11.35,2.33
631894,Sakura Tako House,Los Angeles,2025-05-17T14:09:02.625645,7.01,Not spicy,False,19,5,21.81,4.81
465471,Tako Master,Austin,2025-01-11T21:00:10.625681,6.58,Not spicy,False,31,7,28.17,6.56
762120,Tako Master,Miami,2025-03-29T02:34:59.625717,1.75,Danger,True,23,6,27.45,3.03
287892,Tako Bell,New York,2025-05-13T23:33:26.625754,1.41,Not spicy,False,25,12,39.76,9.86
668480,Sakura Tako House,San Francisco,2025-04-13T06:46:03.625790,6.34,Mild,True,36,5,26.73,4.6
840010,Golden Tako,New York,2025-01-31T09:00:50.625835,7.11,Mild,False,50,3,16.89,4.81
889894,Osaka Kitchen,Las Vegas,2025-06-04T08:47:28.625872,3.09,Danger,True,38,1,6.23,0.0
459457,Tako Bell,Los Angeles,2025-01-16T16:56:37.625911,7.99,Mild,False,46,1,6.69,0.33
247459,Tako Master,San Francisco,2025-03-18T23:50:39.625949,4.61,Hot,True,55,1,8.31,1.69
995588,Osaka Kitchen,New York,2025-05-01T03:33:35.626013,2.38,Mild,True,34,7,30.09,7.35
160891,Hot Tako Express,San Francisco,2025-03-16T21:19:17.626050,2.88,Mild,True,35,1,6.14,1.07
465504,Octopus Garden,Miami,2025-01-30T09:19:09.626087,2.92,Mild,True,33,7,25.0,5.72
555178,Tako Master,Austin,2025-03-05T16:45:21.626132,5.52,Not spicy,True,46,1,6.69,1.53
681113,Crispy Tentacle Co.,Los Angeles,2025-01-25T16:19:20.626168,7.51,Mild,True,44,8,29.34,1.47
027172,Golden Tako,Austin,2025-04-14T04:28:53.626206,3.42,Not spicy,True,40,4,15.31,4.8
405785,Tako Delight,New York,2025-02-23T11:34:52.626242,3.62,Hot,True,32,1,6.65,0.41
812609,Crispy Tentacle Co.,Las Vegas,2025-03-31T07:23:49.626279,2.46,Danger,True,13,2,9.15,1.31
224993,Osaka Kitchen,San Francisco,2025-05-18T09:47:52.626315,14.04,Not spicy,True,66,1,9.54,2.11
960997,Hot Tako Express,Los Angeles,2025-01-27T11:08:43.626352,2.11,Hot,True,39,1,5.58,0.92
142321,Octopus Garden,Austin,2025-02-06T04:15:02.626388,9.38,Mild,False,38,2,10.39,2.87
942333,Hot Tako Express,New York,2025-06-10T00:52:44.626425,2.34,Not spicy,True,28,6,21.31,2.99
715054,Tako Master,Las Vegas,2025-03-12T02:43:58.626461,11.39,Mild,True,60,1,8.38,1.96
744007,Octopus Garden,Miami,2025-04-18T22:18:55.626498,15.0,Hot,True,47,4,19.23,4.62
304466,Crispy Tentacle Co.,Los Angeles,2025-05-21T20:53:04.626534,3.06,Not spicy,True,26,2,9.38,1.71
744031,Golden Tako,San Francisco,2025-04-12T10:35:14.626571,2.92,Hot,True,34,4,21.49,3.54
235134,Octopus Garden,Los Angeles,2025-06-06T10:54:25.626607,1.53,Not spicy,False,33,1,5.87,1.5
145622,Tokyo Balls,Austin,2025-01-08T18:06:21.626643,6.4,Mild,False,33,11,29.48,4.77
378427,Tako Delight,Miami,2025-03-16T06:51:51.626679,2.42,Hot,True,45,1,5.5,0.41
490110,Tako Delight,Los Angeles,2025-05-02T11:29:58.626716,4.46,Not spicy,True,33,2,9.24,2.06
927199,Octopus Garden,New York,2025-03-04T17:00:46.626752,1.97,Hot,False,27,1,6.76,0.97
417500,Hot Tako Express,Miami,2025-03-24T10:03:27.626793,13.01,Hot,True,37,1,8.03,2.31
806527,Sakura Tako House,Miami,2025-01-17T23:19:00.626830,15.0,Hot,True,68,1,9.31,2.1
131414,Tako Master,Las Vegas,2025-01-18T01:14:51.626867,3.0,Not spicy,True,24,4,17.51,3.56
471832,Hot Tako Express,Las Vegas,2025-04-14T02:41:09.626904,4.49,Danger,True,45,2,8.5,1.32
361249,Golden Tako,Miami,2025-05-07T21:16:09.626940,15.0,Mild,True,76,2,13.23,2.26
616338,Golden Tako,Los Angeles,2025-03-28T15:45:39.626977,8.43,Not spicy,True,53,8,35.3,8.87
527290,Tako Bell,New York,2025-04-14T06:08:40.627013,6.81,Not spicy,False,42,9,30.78,6.23
160448,Crispy Tentacle Co.,Los Angeles,2025-02-04T02:26:03.627049,3.54,Mild,False,45,3,12.26,0.96
338334,Tokyo Balls,San Francisco,2025-04-14T09:51:09.627086,2.98,Mild,True,41,2,9.81,2.23
938397,Crispy Tentacle Co.,New York,2025-02-21T07:31:08.627122,3.76,Mild,True,36,4,17.87,4.72
205837,Tako Delight,San Francisco,2025-01-27T22:56:58.627159,5.76,Mild,True,51,6,25.47,2.81
655383,Crispy Tentacle Co.,Miami,2025-04-17T05:48:05.627195,8.05,Mild,False,28,3,13.97,0.0
097966,Tako Delight,Las Vegas,2025-02-05T09:30:49.627232,2.87,Mild,False,31,13,38.83,6.22
620556,Osaka Kitchen,Los Angeles,2025-02-05T21:27:58.627268,4.28,Not spicy,True,30,3,12.92,2.02
690731,Osaka Kitchen,Las Vegas,2025-06-27T19:14:32.627304,6.64,Not spicy,False,44,10,32.88,8.33
634534,Tako Master,Miami,2025-01-11T15:35:34.627341,15.0,Mild,False,55,2,13.62,1.93
865322,Tako Bell,New York,2025-01-12T11:28:51.627378,4.43,Not spicy,True,25,8,26.64,6.53
994623,Osaka Kitchen,San Francisco,2025-05-10T02:05:57.627414,1.69,Mild,False,20,1,6.44,1.81
221048,Osaka Kitchen,Austin,2025-05-03T16:12:27.627450,0.98,Hot,False,18,3,10.6,1.91
670030,Tako Bell,Austin,2025-06-25T06:38:21.627490,1.75,Hot,False,27,2,6.96,1.37
657629,Tako Delight,San Francisco,2025-05-08T07:07:06.627526,15.0,Mild,True,56,1,9.19,0.0
316768,Hot Tako Express,Los Angeles,2025-06-08T21:43:55.627569,9.63,Danger,True,68,1,7.23,1.16
846567,Sakura Tako House,San Francisco,2025-04-01T17:16:56.627605,6.43,Mild,True,30,2,12.58,2.93
076517,Tako Bell,Los Angeles,2025-03-30T00:19:25.627642,2.43,Hot,False,33,5,16.74,3.16
435810,Hot Tako Express,Austin,2025-02-12T06:25:47.627679,4.6,Not spicy,True,41,1,5.75,0.0
356717,Osaka Kitchen,Los Angeles,2025-03-05T08:21:13.627715,4.34,Danger,True,26,3,13.72,3.53
903332,Tako Master,Las Vegas,2025-06-19T19:07:36.627752,3.46,Not spicy,True,23,7,27.62,0.0
362147,Sakura Tako House,Los Angeles,2025-05-31T08:34:09.627788,5.05,Hot,True,41,1,7.26,1.68
388539,Tako Delight,Miami,2025-01-24T06:27:59.627824,7.14,Mild,False,35,1,6.81,0.98
334617,Tokyo Balls,Austin,2025-01-27T10:36:25.627860,10.25,Mild,False,36,10,28.6,6.09
280464,Hot Tako Express,Los Angeles,2025-01-31T00:09:03.627897,4.13,Mild,True,46,7,23.07,1.16
101514,Tako Bell,San Francisco,2025-03-19T05:52:53.627933,5.0,Not spicy,True,62,2,9.38,2.03
906141,Osaka Kitchen,Austin,2025-02-20T20:38:13.627969,2.21,Not spicy,False,40,12,33.77,4.96
907340,Golden Tako,San Francisco,2025-04-25T19:49:49.628006,3.22,Mild,True,25,3,16.61,3.44
756157,Tako Master,Los Angeles,2025-05-31T20:01:01.628042,6.48,Not spicy,True,47,4,20.65,3.14
167082,Hot Tako Express,Miami,2025-04-04T07:07:47.628081,2.7,Not spicy,False,30,3,10.9,1.6
522987,Crispy Tentacle Co.,Austin,2025-01-08T03:37:22.628117,2.8,Not spicy,False,28,4,12.17,3.56
094423,Sakura Tako House,Miami,2025-04-02T10:27:46.628153,1.97,Not spicy,True,29,11,41.04,8.67
252422,Tokyo Balls,Miami,2025-03-13T04:13:26.628193,2.28,Not spicy,True,34,6,18.59,0.93
051021,Tako Bell,San Francisco,2025-04-09T17:59:15.628229,3.18,Hot,True,38,4,15.1,2.8
626543,Hot Tako Express,San Francisco,2025-04-17T20:46:25.628265,15.0,Not spicy,False,57,4,19.75,4.28
008574,Octopus Garden,Austin,2025-01-29T15:47:44.628301,9.75,Not spicy,True,50,9,31.42,8.25
925321,Crispy Tentacle Co.,Las Vegas,2025-03-15T16:15:39.628337,3.25,Not spicy,True,37,3,10.71,1.44
800961,Sakura Tako House,San Francisco,2025-01-12T10:27:30.628373,1.22,Not spicy,False,45,9,43.06,5.59
420040,Tako Bell,Miami,2025-04-22T17:52:11.628409,3.35,Hot,True,24,1,5.46,1.39
204110,Tako Master,Miami,2025-02-28T16:35:42.628447,12.59,Mild,True,70,8,35.05,3.71
077103,Sakura Tako House,Miami,2025-04-01T02:25:01.628485,7.7,Hot,True,36,6,26.67,4.13
801535,Tako Delight,San Francisco,2025-06-12T21:50:35.628521,15.0,Not spicy,True,78,3,16.66,5.03
653516,Osaka Kitchen,New York,2025-01-28T15:13:42.628558,8.26,Hot,False,35,3,15.52,3.35
101377,Sakura Tako House,San Francisco,2025-06-07T00:06:11.628594,3.6,Mild,True,42,2,11.32,2.15
355556,Tako Delight,San Francisco,2025-05-30T06:00:22.628630,2.04,Mild,False,26,1,6.23,0.76
151275,Tokyo Balls,Miami,2025-04-12T12:17:47.628667,5.25,Mild,True,36,16,49.03,2.45
420884,Tako Delight,New York,2025-01-12T10:44:33.628703,11.95,Mild,False,53,2,12.04,2.76
040804,Golden Tako,Las Vegas,2025-03-09T07:41:44.628739,3.39,Not spicy,False,37,5,17.98,2.2
843019,Hot Tako Express,Miami,2025-04-02T09:20:04.628775,5.52,Not spicy,True,37,3,11.65,1.33
156175,Osaka Kitchen,Miami,2025-01-30T19:02:24.628812,5.12,Hot,True,44,3,12.43,2.03
343897,Osaka Kitchen,San Francisco,2025-02-04T04:55:40.628849,2.71,Mild,True,29,1,6.38,0.64
412042,Osaka Kitchen,Las Vegas,2025-06-16T06:25:23.628885,3.03,Not spicy,True,42,7,21.82,3.5
313769,Osaka Kitchen,San Francisco,2025-04-12T03:52:22.628921,3.95,Mild,False,48,12,50.85,12.86
868524,Tako Delight,Miami,2025-04-08T18:27:52.628957,2.17,Hot,True,45,3,12.21,0.62
743167,Osaka Kitchen,San Francisco,2025-04-05T20:46:24.628993,3.37,Mild,True,22,1,7.07,0.63
855374,Tako Bell,San Francisco,2025-03-08T23:18:07.629029,5.43,Not spicy,False,41,12,36.93,8.95
706537,Octopus Garden,Austin,2025-04-26T23:51:45.629066,5.72,Danger,True,27,1,6.73,1.18
322623,Tako Bell,Miami,2025-04-05T19:21:51.629102,2.94,Hot,True,26,6,17.79,0.89
278428,Osaka Kitchen,Miami,2025-02-16T20:02:30.629143,2.05,Mild,True,28,9,31.31,1.57
756442,Tako Bell,Miami,2025-04-06T22:40:02.629179,2.42,Not spicy,True,17,1,5.15,0.64
178794,Tako Delight,Las Vegas,2025-05-23T16:34:09.629215,0.56,Danger,True,22,2,7.79,0.51
649840,Sakura Tako House,Los Angeles,2025-06-12T04:49:57.629252,1.52,Hot,True,43,2,10.12,1.89
713793,Tokyo Balls,New York,2025-04-24T19:59:04.629288,13.07,Mild,True,69,1,8.36,1.94
994265,Octopus Garden,Los Angeles,2025-01-07T07:52:05.629324,0.93,Hot,False,26,5,22.24,4.58
462462,Tako Master,Austin,2025-02-02T01:20:03.629360,6.24,Not spicy,False,35,3,13.96,0.7
433020,Tokyo Balls,Austin,2025-04-11T02:15:43.629396,4.79,Mild,True,36,12,30.99,5.37
812617,Osaka Kitchen,Austin,2025-06-22T03:14:20.629432,13.82,Mild,True,35,4,17.4,0.88
889587,Tako Bell,Las Vegas,2025-01-30T11:07:28.629469,7.87,Hot,True,46,1,6.24,1.58
543878,Tokyo Balls,Miami,2025-03-07T18:27:15.629505,1.69,Not spicy,False,27,2,8.42,2.01
694395,Hot Tako Express,Miami,2025-03-17T19:44:39.629541,11.66,Not spicy,True,44,8,24.13,2.09
328993,Golden Tako,Austin,2025-06-29T18:25:13.629577,2.63,Hot,True,24,1,5.88,1.39
559024,Tako Master,Miami,2025-03-13T10:42:38.629614,12.6,Mild,False,53,12,52.37,0.0
708699,Crispy Tentacle Co.,Miami,2025-04-07T16:03:23.629650,4.38,Not spicy,True,36,2,8.73,3.06
201603,Tokyo Balls,San Francisco,2025-04-22T00:29:09.629687,3.35,Mild,True,20,7,26.4,6.31
312999,Tokyo Balls,San Francisco,2025-06-02T09:32:46.629723,14.31,Not spicy,True,67,3,16.26,3.99
303042,Tokyo Balls,Las Vegas,2025-05-20T13:05:49.629759,1.94,Hot,True,30,9,26.09,5.65
512756,Tako Master,Austin,2025-03-12T09:09:15.629795,3.13,Mild,True,33,3,12.89,1.36
587713,Crispy Tentacle Co.,San Francisco,2025-01-27T07:35:17.629832,2.63,Mild,True,34,4,19.17,4.49
601334,Tako Delight,Austin,2025-06-26T14:09:35.629868,3.3,Mild,True,44,1,5.15,1.4
413697,Tako Master,Los Angeles,2025-03-01T01:13:15.629904,2.45,Not spicy,True,32,8,36.85,0.0
044109,Crispy Tentacle Co.,Las Vegas,2025-01-18T23:55:02.629940,1.41,Not spicy,True,34,2,8.35,0.91
363188,Hot Tako Express,Las Vegas,2025-02-22T10:43:44.629976,1.62,Mild,False,24,7,19.97,6.02
783641,Hot Tako Express,Los Angeles,2025-02-11T21:19:07.630012,4.83,Hot,True,25,3,11.65,1.16
868170,Tako Delight,San Francisco,2025-04-22T18:48:26.630048,3.47,Mild,True,22,3,14.11,4.0
729988,Crispy Tentacle Co.,Los Angeles,2025-01-24T20:38:46.630084,5.94,Not spicy,False,38,6,22.91,1.88
645584,Osaka Kitchen,Los Angeles,2025-02-19T17:32:59.630120,3.42,Danger,False,37,2,9.57,2.83
053231,Tako Delight,Los Angeles,2025-05-07T12:39:02.630156,15.0,Mild,True,72,5,20.43,3.98
244146,Tako Bell,New York,2025-03-24T21:44:15.630193,10.06,Not spicy,False,54,1,7.49,1.01
346337,Hot Tako Express,New York,2025-05-15T22:11:54.630230,13.58,Hot,True,64,10,38.53,2.39
808206,Golden Tako,New York,2025-04-20T12:26:32.630266,2.68,Mild,True,56,7,34.29,5.93
974231,Golden Tako,Austin,2025-05-10T10:18:52.630302,3.98,Not spicy,True,39,1,6.03,0.85
980452,Hot Tako Express,Austin,2025-05-09T23:20:37.630339,12.23,Mild,True,46,2,9.75,1.43
209144,Crispy Tentacle Co.,San Francisco,2025-02-28T01:44:43.630378,5.63,Hot,False,38,2,11.59,2.24
677273,Tako Bell,New York,2025-05-10T07:32:45.630415,4.12,Not spicy,True,42,1,5.95,0.32
602022,Tokyo Balls,Miami,2025-05-27T02:08:32.630451,6.04,Mild,False,42,10,28.66,0.0
758243,Tako Bell,Los Angeles,2025-03-25T19:05:55.630487,8.89,Not spicy,False,56,8,26.01,5.0
925100,Golden Tako,New York,2025-06-15T00:36:10.630523,2.71,Not spicy,False,32,3,16.06,0.0
416278,Hot Tako Express,Los Angeles,2025-05-29T02:13:17.630560,3.13,Mild,True,25,2,8.48,1.61
914663,Crispy Tentacle Co.,New York,2025-01-05T10:48:06.630598,3.31,Not spicy,False,41,4,16.78,4.33
312886,Osaka Kitchen,Miami,2025-01-24T11:40:15.630634,1.09,Hot,False,30,6,22.18,1.97
973555,Tako Master,San Francisco,2025-04-01T21:02:01.630674,0.73,Mild,True,25,3,17.59,0.0
672464,Tako Delight,Miami,2025-04-09T13:24:44.630710,4.59,Not spicy,True,43,1,6.04,0.95
932456,Golden Tako,Miami,2025-04-04T12:44:54.630746,1.29,Mild,True,50,1,5.87,1.27
286090,Tokyo Balls,New York,2025-03-08T20:42:47.630782,6.43,Hot,True,38,2,10.73,3.76
170387,Hot Tako Express,Las Vegas,2025-02-22T14:33:17.630818,15.0,Mild,True,49,2,11.12,1.94
753504,Golden Tako,New York,2025-05-26T16:30:06.630855,3.57,Mild,True,36,1,7.4,1.47
353487,Crispy Tentacle Co.,Miami,2025-05-14T14:33:02.630891,15.0,Hot,True,41,2,11.7,2.73
794068,Tokyo Balls,Los Angeles,2025-05-02T06:52:04.630927,10.83,Not spicy,True,56,1,7.31,2.0
897734,Sakura Tako House,Austin,2025-04-13T16:59:43.630964,4.0,Not spicy,False,27,4,14.61,2.6
343856,Octopus Garden,Austin,2025-05-13T14:34:19.631000,2.78,Mild,True,17,7,22.97,4.23
100018,Golden Tako,Los Angeles,2025-04-06T08:42:39.631036,5.76,Not spicy,True,45,5,21.68,2.21
339320,Tokyo Balls,New York,2025-02-23T06:57:39.631072,5.97,Mild,True,37,2,11.15,1.69
402206,Tokyo Balls,Austin,2025-05-30T00:22:27.631108,2.2,Mild,True,34,3,9.46,1.61
279963,Tako Master,San Francisco,2025-04-26T18:04:38.631144,12.12,Not spicy,True,61,1,9.83,1.83
757997,Osaka Kitchen,New York,2025-02-23T10:32:22.631180,5.86,Not spicy,True,33,5,23.08,8.08
685436,Tako Master,Las Vegas,2025-02-18T12:51:48.631216,2.33,Mild,True,33,2,9.37,2.78
065142,Octopus Garden,Austin,2025-03-04T05:26:05.631252,4.0,Not spicy,False,19,2,9.08,1.54
167475,Sakura Tako House,Las Vegas,2025-04-11T05:31:43.631288,1.28,Hot,True,36,9,31.99,1.6
967946,Crispy Tentacle Co.,Las Vegas,2025-01-26T10:48:38.631324,0.91,Not spicy,True,21,3,10.14,3.03
669737,Crispy Tentacle Co.,San Francisco,2025-05-02T23:58:32.631361,12.26,Not spicy,True,63,2,12.87,1.98
231577,Tokyo Balls,Los Angeles,2025-04-06T12:06:10.631398,5.11,Hot,True,30,2,9.59,1.18
160626,Hot Tako Express,Las Vegas,2025-05-01T06:33:42.631438,2.07,Hot,True,23,2,7.98,1.57
391774,Sakura Tako House,Las Vegas,2025-04-20T07:13:54.631476,13.28,Mild,True,60,2,11.66,1.9
957136,Hot Tako Express,Miami,2025-06-08T09:10:52.631513,6.65,Hot,True,46,3,11.87,2.3
696353,Tokyo Balls,Los Angeles,2025-05-15T18:14:12.631550,7.87,Mild,False,42,3,14.05,2.26
791401,Osaka Kitchen,New York,2025-04-15T16:39:07.631586,4.61,Mild,False,29,6,27.02,4.75
468449,Tako Delight,Las Vegas,2025-03-14T21:39:11.631623,4.11,Mild,True,28,6,19.36,1.44
081896,Osaka Kitchen,New York,2025-01-15T15:25:37.631659,5.43,Mild,True,41,1,7.58,1.97
869032,Tako Delight,Miami,2025-02-11T21:43:56.631696,5.12,Not spicy,True,52,8,27.41,2.39
600521,Tako Delight,Los Angeles,2025-02-04T14:24:44.631732,8.94,Not spicy,True,50,1,7.19,1.17
344056,Tako Delight,Austin,2025-01-26T05:19:52.631768,1.42,Mild,True,24,6,18.64,3.21
713341,Tokyo Balls,Las Vegas,2025-04-26T21:16:43.631804,6.57,Mild,True,32,9,26.87,5.72
512573,Octopus Garden,Miami,2025-03-31T03:42:48.631840,1.21,Danger,True,35,1,5.86,0.0
847975,Tako Bell,Austin,2025-01-29T06:31:07.631877,0.93,Mild,True,22,1,4.19,0.8
538179,Sakura Tako House,Austin,2025-04-23T03:37:48.631913,2.53,Not spicy,True,32,7,24.5,6.62
060541,Tako Delight,Austin,2025-05-14T06:56:18.631949,15.0,Not spicy,True,53,7,21.84,3.52
846112,Crispy Tentacle Co.,Las Vegas,2025-01-07T21:04:16.631986,8.17,Not spicy,False,50,4,16.13,5.65
415182,Crispy Tentacle Co.,New York,2025-05-28T11:18:51.632022,4.66,Mild,True,47,1,6.79,2.11
228486,Osaka Kitchen,New York,2025-01-12T10:40:45.632060,3.41,Mild,False,39,5,21.68,6.96
444278,Tako Master,Las Vegas,2025-01-16T00:45:22.632096,1.54,Not spicy,True,40,4,17.29,0.0
567451,Tako Bell,New York,2025-04-05T07:37:29.632136,1.59,Mild,True,24,12,38.57,10.36
033276,Crispy Tentacle Co.,Austin,2025-02-07T14:23:14.632177,8.14,Not spicy,False,38,9,27.44,4.14
806325,Golden Tako,Las Vegas,2025-05-25T06:20:56.632214,15.0,Not spicy,True,69,7,29.46,6.3
677255,Sakura Tako House,San Francisco,2025-06-25T17:31:45.632250,2.8,Mild,True,33,6,31.43,4.24
401058,Hot Tako Express,Austin,2025-03-17T14:14:55.632287,2.24,Mild,True,37,5,12.88,2.0
084148,Tako Delight,Los Angeles,2025-05-10T13:18:11.632323,6.97,Hot,True,35,4,17.79,2.52
902075,Tako Master,New York,2025-02-07T07:21:39.632359,1.41,Not spicy,True,36,6,29.8,8.12
563356,Sakura Tako House,Miami,2025-01-28T09:05:38.632395,10.72,Hot,True,37,3,15.54,4.07
763214,Tokyo Balls,New York,2025-05-30T11:39:54.632432,12.96,Not spicy,True,86,5,21.5,4.38
023839,Crispy Tentacle Co.,Austin,2025-05-14T10:21:01.632469,8.0,Not spicy,True,40,2,9.2,1.35
754024,Tako Delight,Austin,2025-04-16T22:36:14.632505,1.17,Hot,False,28,4,12.0,0.6
397700,Tokyo Balls,Los Angeles,2025-04-03T02:16:58.632541,11.12,Hot,True,44,4,17.02,1.92
362974,Golden Tako,San Francisco,2025-02-09T05:59:46.632577,15.0,Mild,True,60,8,41.85,9.77
982946,Octopus Garden,New York,2025-06-09T20:03:19.632613,6.26,Hot,True,47,1,7.95,1.16
692267,Sakura Tako House,Miami,2025-06-01T09:40:53.632650,4.34,Mild,True,17,2,9.68,2.55
981716,Tako Bell,Los Angeles,2025-02-12T16:01:24.632686,2.88,Not spicy,True,21,8,26.72,8.93
070559,Octopus Garden,Miami,2025-01-10T04:05:25.632723,15.0,Not spicy,True,50,3,15.44,3.89
468127,Osaka Kitchen,Las Vegas,2025-05-20T05:09:54.632759,2.19,Not spicy,True,16,7,24.02,3.84
914581,Tako Bell,Los Angeles,2025-05-27T10:47:06.632795,1.15,Hot,True,27,2,7.73,2.16
046385,Sakura Tako House,Austin,2025-02-18T03:42:49.632831,3.75,Mild,True,39,1,5.88,1.34
565979,Tokyo Balls,New York,2025-01-30T20:41:33.632867,15.0,Mild,True,73,1,9.24,2.01
528373,Crispy Tentacle Co.,Los Angeles,2025-06-11T01:27:11.632904,2.76,Hot,False,35,4,16.13,2.51
960911,Osaka Kitchen,San Francisco,2025-04-25T18:50:28.632940,1.06,Mild,True,37,5,22.31,2.38
626962,Tako Master,Los Angeles,2025-03-03T05:56:16.632976,13.92,Hot,True,56,11,53.22,12.22
918823,Golden Tako,Las Vegas,2025-04-14T20:49:10.633013,15.0,Hot,True,68,1,9.08,1.49
231780,Sakura Tako House,San Francisco,2025-02-26T01:55:25.633049,3.25,Not spicy,True,37,3,15.32,3.23
063918,Tako Delight,Miami,2025-06-23T11:22:38.633085,8.57,Mild,True,54,2,9.91,0.83
770925,Golden Tako,Las Vegas,2025-05-15T10:49:06.633121,3.69,Hot,False,43,5,19.45,1.52
447952,Tako Delight,Austin,2025-01-12T18:06:33.633157,2.23,Mild,False,25,1,5.02,1.07
361145,Sakura Tako House,Miami,2025-03-06T13:01:25.633193,0.94,Hot,True,34,5,20.21,5.32
730132,Sakura Tako House,Austin,2025-02-01T15:01:05.633229,7.79,Hot,True,32,4,16.54,4.91
314455,Sakura Tako House,Los Angeles,2025-05-30T03:26:50.633265,3.29,Not spicy,True,42,7,30.53,5.97
564058,Hot Tako Express,Los Angeles,2025-06-17T13:49:45.633302,1.61,Not spicy,False,34,1,5.15,1.3
236290,Crispy Tentacle Co.,Las Vegas,2025-01-31T16:20:29.633338,2.14,Mild,True,28,9,27.64,4.12
844917,Hot Tako Express,New York,2025-04-22T20:31:19.633374,9.76,Not spicy,True,58,2,11.37,3.61
432723,Sakura Tako House,Miami,2025-04-16T13:33:16.633410,0.85,Mild,True,25,3,13.17,3.37
140606,Sakura Tako House,Los Angeles,2025-02-22T03:58:46.633447,7.38,Mild,True,30,3,15.15,2.56
213214,Tako Master,Las Vegas,2025-01-19T00:06:30.633483,10.97,Danger,False,65,1,8.61,2.44
967024,Hot Tako Express,San Francisco,2025-01-21T14:31:37.633523,4.59,Hot,True,40,1,6.76,1.62
561654,Tokyo Balls,New York,2025-02-24T18:44:07.633560,2.97,Hot,True,33,1,6.36,1.75
395489,Osaka Kitchen,Miami,2025-01-11T07:55:06.633597,2.06,Not spicy,False,42,2,8.29,1.59
916057,Octopus Garden,Los Angeles,2025-06-08T21:33:26.633633,5.84,Not spicy,True,37,1,7.0,1.67
798696,Osaka Kitchen,Las Vegas,2025-05-14T00:47:59.633675,5.98,Not spicy,True,38,1,6.39,1.41
585997,Tokyo Balls,Austin,2025-02-13T05:06:26.633718,6.0,Mild,True,28,11,30.96,5.93
911709,Tako Master,San Francisco,2025-06-29T03:50:00.633759,5.38,Hot,True,29,11,60.81,9.02
016078,Tokyo Balls,Los Angeles,2025-05-27T15:08:18.633796,13.23,Danger,True,54,3,14.44,1.61
123014,Hot Tako Express,Los Angeles,2025-05-18T17:28:01.633833,2.71,Not spicy,False,46,7,23.37,1.69
633760,Tokyo Balls,Austin,2025-06-30T08:24:43.633869,8.39,Not spicy,True,31,1,6.36,1.18
250956,Tako Delight,San Francisco,2025-06-03T05:46:12.633905,4.61,Not spicy,False,42,3,13.79,1.57
296809,Sakura Tako House,Austin,2025-04-17T06:36:12.633948,1.74,Mild,True,36,1,5.47,1.29
680233,Tako Master,San Francisco,2025-02-23T10:34:44.633984,2.85,Not spicy,True,28,1,7.3,2.07
377114,Tako Delight,Austin,2025-04-04T03:20:59.634020,1.04,Not spicy,False,32,9,25.7,1.28
103398,Hot Tako Express,San Francisco,2025-06-30T04:42:09.634056,5.42,Mild,True,35,3,12.95,3.01
212994,Tako Master,San Francisco,2025-03-25T00:40:04.634092,9.64,Mild,True,59,6,34.3,7.24
047936,Osaka Kitchen,Los Angeles,2025-05-27T14:06:00.634128,1.85,Mild,False,36,7,25.67,8.28
153011,Tako Bell,San Francisco,2025-04-21T02:13:56.634164,12.36,Not spicy,True,52,6,22.48,7.87
980165,Osaka Kitchen,Miami,2025-05-23T11:06:44.634201,1.95,Not spicy,True,40,4,15.18,4.66
437862,Crispy Tentacle Co.,Los Angeles,2025-02-10T17:56:00.634237,3.39,Not spicy,False,32,9,33.89,7.11
345888,Tokyo Balls,Austin,2025-04-24T07:01:30.634273,6.69,Mild,True,41,1,6.15,1.84
873844,Tokyo Balls,Austin,2025-04-20T13:47:37.634309,2.59,Mild,True,36,1,4.99,0.55
686406,Tako Master,San Francisco,2025-05-31T21:07:55.634345,0.5,Not spicy,True,36,4,22.14,3.52
861501,Hot Tako Express,Las Vegas,2025-05-08T06:07:35.634381,4.42,Not spicy,True,43,1,5.45,1.42
775520,Hot Tako Express,Austin,2025-02-05T07:38:21.634418,11.87,Mild,False,60,3,10.51,1.5
768367,Tako Master,Los Angeles,2025-01-30T19:52:03.634454,5.34,Not spicy,True,51,13,62.36,9.9
755303,Tako Delight,Austin,2025-02-08T09:20:18.634491,1.48,Not spicy,True,29,4,12.59,1.95
961438,Tako Delight,Las Vegas,2025-01-15T01:19:29.634527,3.61,Mild,False,22,3,10.54,2.0
549395,Tako Bell,New York,2025-06-11T11:45:03.634563,0.88,Mild,True,17,3,11.5,1.0
700674,Tako Bell,New York,2025-03-24T17:30:02.634599,1.6,Mild,False,30,2,8.23,1.83
144170,Tokyo Balls,New York,2025-05-20T23:15:45.634636,9.34,Mild,True,64,3,14.51,4.32
158366,Tako Bell,Los Angeles,2025-04-11T20:29:59.634672,10.71,Mild,True,66,1,7.03,1.64
478160,Tako Master,New York,2025-05-03T14:56:04.634708,1.87,Not spicy,False,30,4,21.51,2.53
668706,Osaka Kitchen,Austin,2025-05-11T16:06:04.634749,3.27,Not spicy,False,24,2,8.43,0.77
511552,Tako Bell,New York,2025-04-16T23:54:12.634787,3.49,Not spicy,True,21,3,12.07,1.52
578440,Sakura Tako House,New York,2025-01-06T21:33:47.634827,6.97,Mild,False,42,1,7.91,2.08
555134,Crispy Tentacle Co.,Miami,2025-02-28T07:40:44.634864,7.55,Not spicy,True,46,3,13.05,2.47
017975,Tako Delight,Las Vegas,2025-05-14T12:50:05.634901,8.73,Danger,True,39,3,12.52,1.45
451488,Golden Tako,New York,2025-06-30T22:01:52.634937,4.88,Mild,True,40,5,25.64,5.59
100992,Tako Delight,Los Angeles,2025-02-19T10:36:35.634973,9.48,Not spicy,True,50,2,10.53,2.5
201255,Osaka Kitchen,Miami,2025-02-21T15:58:03.635013,1.65,Not spicy,True,30,2,8.97,1.65
854814,Tako Master,San Francisco,2025-06-07T00:17:07.635050,6.8,Mild,True,32,2,14.04,2.99
416176,Octopus Garden,San Francisco,2025-03-23T11:50:18.635086,1.77,Mild,True,28,1,6.8,1.93
481294,Osaka Kitchen,Los Angeles,2025-05-19T00:58:13.635122,14.12,Mild,True,71,1,9.19,1.95
236828,Crispy Tentacle Co.,Las Vegas,2025-06-13T10:39:45.635159,10.25,Mild,True,56,3,12.37,0.87
889053,Octopus Garden,Las Vegas,2025-06-19T07:12:17.635195,1.94,Mild,True,44,1,5.66,1.14
681463,Tako Bell,New York,2025-03-23T08:20:50.635231,5.65,Hot,True,52,4,15.84,4.79
397687,Sakura Tako House,Miami,2025-04-06T01:57:29.635267,1.28,Not spicy,True,15,8,28.77,6.02
058840,Tako Bell,Las Vegas,2025-02-05T22:19:08.635303,4.16,Hot,False,32,2,8.05,1.32
086702,Hot Tako Express,Austin,2025-05-08T21:05:57.635339,15.0,Hot,True,65,3,12.97,4.54
822478,Tako Master,Miami,2025-06-19T05:59:54.635376,5.65,Mild,True,24,6,27.02,2.49
099994,Tako Delight,New York,2025-02-17T06:24:11.635412,1.86,Mild,False,39,3,13.72,0.0
221686,Osaka Kitchen,Austin,2025-02-25T07:00:29.635448,1.32,Hot,True,34,5,15.55,2.03
048823,Octopus Garden,Las Vegas,2025-07-02T09:09:05.635484,3.82,Mild,True,44,7,23.51,2.27
293992,Tako Delight,Miami,2025-05-11T10:37:29.635520,0.85,Not spicy,False,12,2,7.54,0.98
034500,Golden Tako,San Francisco,2025-01-06T16:35:08.635556,2.29,Mild,True,16,1,6.9,0.0
217221,Osaka Kitchen,Los Angeles,2025-05-29T17:22:24.635593,15.0,Mild,False,55,1,9.26,1.19
860556,Sakura Tako House,New York,2025-03-02T18:20:42.635629,3.9,Not spicy,False,30,4,20.01,2.51
170341,Osaka Kitchen,Los Angeles,2025-04-23T16:36:28.635666,1.13,Not spicy,True,34,1,5.53,0.0
875194,Sakura Tako House,Las Vegas,2025-06-26T17:43:35.635702,15.0,Danger,True,62,3,15.64,2.11
566820,Tako Master,Austin,2025-05-30T09:00:28.635745,15.0,Mild,True,62,6,27.28,3.55
775679,Golden Tako,Las Vegas,2025-05-24T06:27:37.635782,15.0,Hot,True,65,2,12.48,1.12
082237,Tako Delight,Las Vegas,2025-03-11T19:26:08.635818,2.63,Not spicy,True,42,2,7.65,1.77
056304,Octopus Garden,Austin,2025-02-17T17:28:59.635854,5.2,Not spicy,True,36,1,5.95,2.08
879414,Octopus Garden,San Francisco,2025-05-01T03:54:15.635890,4.57,Mild,True,29,1,7.43,1.08
806360,Osaka Kitchen,Miami,2025-03-21T16:23:01.635929,2.54,Danger,False,26,2,9.58,0.0
811131,Tako Master,New York,2025-05-06T18:50:26.635967,5.59,Hot,True,61,7,37.85,5.69
286604,Hot Tako Express,Austin,2025-02-16T22:48:56.636003,2.25,Mild,True,21,11,26.67,7.58
373095,Tako Delight,Austin,2025-03-28T12:10:15.636039,3.18,Mild,True,38,3,10.26,2.2
194760,Osaka Kitchen,Las Vegas,2025-03-18T10:52:51.636075,6.33,Mild,True,33,1,6.52,0.61
089856,Osaka Kitchen,San Francisco,2025-06-07T14:49:13.636121,4.02,Danger,True,22,8,37.79,6.98
258421,Octopus Garden,New York,2025-02-24T16:27:13.636160,3.18,Mild,False,41,4,18.11,5.2
161712,Sakura Tako House,Las Vegas,2025-06-04T20:48:25.636197,10.05,Not spicy,True,34,2,11.29,1.62
664693,Golden Tako,Las Vegas,2025-03-20T07:23:01.636234,15.0,Hot,True,65,4,19.83,0.0
332061,Tako Master,New York,2025-01-21T10:07:47.636271,5.39,Mild,True,46,1,8.1,1.82
005447,Crispy Tentacle Co.,Austin,2025-03-14T12:57:02.636307,1.91,Not spicy,True,29,4,13.79,2.64
798329,Crispy Tentacle Co.,New York,2025-01-29T09:08:27.636343,2.52,Mild,True,48,2,10.24,0.0
091537,Golden Tako,Austin,2025-03-31T19:22:36.636380,3.59,Not spicy,True,27,4,15.38,2.97
584041,Tako Delight,Miami,2025-03-23T21:14:14.636416,10.92,Mild,True,53,1,7.62,1.58
108310,Tako Bell,New York,2025-03-13T08:58:25.636453,8.4,Not spicy,False,42,2,10.26,3.14
581141,Octopus Garden,Miami,2025-04-29T18:41:58.636491,14.4,Mild,True,73,15,57.17,13.32
822543,Tako Master,Austin,2025-01-06T01:07:30.636528,4.36,Mild,False,27,3,13.17,2.69
306024,Sakura Tako House,Austin,2025-06-03T22:48:17.636564,3.44,Mild,True,33,1,5.91,1.29
088813,Tako Delight,Los Angeles,2025-04-24T17:08:32.636600,6.69,Mild,True,38,1,6.62,0.85
546417,Golden Tako,Las Vegas,2025-03-18T13:57:12.636636,10.0,Hot,True,48,8,30.11,7.23
177735,Golden Tako,San Francisco,2025-03-03T02:59:13.636675,4.53,Not spicy,True,39,5,26.58,6.35
281444,Hot Tako Express,Los Angeles,2025-01-15T22:27:35.636711,0.5,Not spicy,True,35,5,16.55,5.0
175329,Sakura Tako House,San Francisco,2025-03-26T10:05:33.636747,5.41,Not spicy,True,33,3,16.95,2.41
314313,Hot Tako Express,New York,2025-03-14T18:34:39.636783,11.49,Mild,True,41,4,17.16,6.01
263926,Tokyo Balls,Las Vegas,2025-05-05T00:28:54.636823,5.9,Not spicy,True,47,2,8.5,0.43
519886,Osaka Kitchen,Miami,2025-02-10T14:56:03.636859,15.0,Mild,True,56,2,12.18,4.26
480102,Octopus Garden,Los Angeles,2025-03-03T19:25:22.636896,2.22,Not spicy,True,18,2,9.77,1.54
007096,Sakura Tako House,San Francisco,2025-06-16T01:48:58.636932,4.33,Not spicy,True,46,3,15.29,2.12
650318,Sakura Tako House,San Francisco,2025-03-30T03:12:04.636968,10.48,Mild,False,56,1,8.93,2.65
350996,Sakura Tako House,Las Vegas,2025-04-29T01:41:07.637004,3.53,Not spicy,True,22,4,16.28,2.83
142736,Crispy Tentacle Co.,San Francisco,2025-04-30T18:46:54.637040,4.22,Mild,False,33,8,33.33,5.41
993293,Tokyo Balls,Austin,2025-03-05T15:48:49.637076,6.23,Not spicy,True,40,3,10.46,2.21
186266,Sakura Tako House,San Francisco,2025-03-01T05:51:37.637113,5.74,Mild,True,47,2,12.51,3.48
770571,Hot Tako Express,Miami,2025-06-04T11:52:41.637149,2.76,Mild,True,22,6,18.27,1.68
254200,Tako Master,Austin,2025-02-27T01:54:25.637185,6.95,Mild,True,30,3,14.55,3.17
856156,Sakura Tako House,San Francisco,2025-01-25T18:22:09.637221,11.58,Hot,True,34,6,31.62,6.51
977343,Osaka Kitchen,Los Angeles,2025-04-28T15:35:29.637257,8.04,Hot,True,37,4,18.28,0.91
572133,Golden Tako,Las Vegas,2025-06-01T16:58:20.637294,15.0,Hot,True,52,12,49.93,12.79
576820,Tako Bell,Las Vegas,2025-04-03T06:55:44.637330,8.59,Mild,True,37,7,18.74,5.28
988780,Tokyo Balls,Austin,2025-06-07T13:05:51.637367,1.49,Not spicy,False,42,3,8.7,0.87
305482,Octopus Garden,Austin,2025-05-14T07:55:00.637403,10.86,Mild,True,29,1,7.64,1.73
523557,Golden Tako,Las Vegas,2025-03-03T10:54:57.637439,15.0,Mild,False,71,5,22.79,4.25
253777,Crispy Tentacle Co.,Las Vegas,2025-02-02T13:58:23.637476,3.65,Not spicy,True,37,2,8.17,0.96
749979,Sakura Tako House,Austin,2025-01-18T00:18:58.637512,5.66,Not spicy,True,45,3,12.95,3.77
470880,Osaka Kitchen,Austin,2025-04-26T17:04:02.637548,7.97,Hot,True,55,4,16.73,3.69
420274,Tako Delight,Miami,2025-07-01T23:24:56.637585,8.73,Hot,True,40,3,13.43,0.67
965101,Sakura Tako House,Miami,2025-01-10T18:57:06.637621,5.19,Mild,True,33,9,36.19,6.05
829130,Tako Master,Las Vegas,2025-06-26T12:57:11.637658,3.9,Not spicy,False,48,3,13.57,2.28
851755,Tako Delight,Miami,2025-05-07T13:44:58.637694,15.0,Not spicy,True,63,5,20.77,4.27
958819,Octopus Garden,New York,2025-06-01T23:11:57.637730,1.48,Not spicy,True,27,5,23.27,3.41
260289,Tako Master,Los Angeles,2025-05-09T06:51:05.637767,2.64,Hot,True,27,3,16.41,4.9
642439,Tako Bell,Miami,2025-05-08T21:40:36.637803,4.33,Not spicy,True,33,2,8.6,1.75
710380,Sakura Tako House,San Francisco,2025-06-07T06:19:09.637839,2.13,Not spicy,True,39,1,6.98,1.33
451365,Octopus Garden,New York,2025-01-22T19:09:12.637875,7.86,Hot,True,60,2,12.95,4.53
271306,Tokyo Balls,Miami,2025-05-28T16:12:03.637911,5.44,Hot,True,40,2,9.1,2.58
543998,Tako Delight,Miami,2025-05-17T04:21:43.637985,3.22,Mild,True,26,2,9.07,0.91
603178,Tokyo Balls,Austin,2025-03-17T07:08:13.638022,2.15,Hot,True,31,5,15.24,2.63
410133,Hot Tako Express,Las Vegas,2025-04-27T22:38:29.638058,1.61,Hot,False,26,2,7.54,1.77
723975,Tako Delight,Los Angeles,2025-03-11T15:16:41.638094,15.0,Not spicy,True,70,5,21.08,1.39
025755,Hot Tako Express,New York,2025-03-02T00:25:39.638130,11.75,Hot,True,66,19,68.85,22.38
436181,Octopus Garden,New York,2025-06-14T01:50:06.638166,3.49,Hot,True,31,1,7.05,1.71
986370,Golden Tako,San Francisco,2025-03-05T05:07:40.638203,5.31,Hot,True,53,1,8.58,2.23
359731,Hot Tako Express,Los Angeles,2025-04-14T20:11:05.638239,6.08,Hot,True,55,1,6.46,1.2
506384,Tako Master,Austin,2025-01-22T14:34:11.638275,9.85,Not spicy,True,44,2,11.4,0.57
459450,Hot Tako Express,San Francisco,2025-01-16T16:40:07.638311,3.74,Mild,True,42,11,40.83,5.54
314849,Tako Bell,Las Vegas,2025-01-25T23:56:59.638347,2.19,Not spicy,True,10,2,6.75,0.82
023682,Tako Master,Las Vegas,2025-01-24T21:16:50.638383,5.27,Not spicy,True,25,1,6.79,1.35
710032,Golden Tako,Las Vegas,2025-02-20T00:19:49.638419,5.09,Not spicy,True,33,3,14.11,3.94
541058,Golden Tako,Miami,2025-02-03T17:54:00.638455,8.34,Mild,False,36,7,28.63,8.05
347067,Tako Delight,Austin,2025-04-03T08:56:31.638491,10.36,Not spicy,True,34,6,19.36,3.86
243118,Sakura Tako House,Las Vegas,2025-02-08T11:13:16.638528,2.76,Danger,False,30,2,10.25,0.98
195440,Sakura Tako House,Austin,2025-01-09T07:39:34.638564,5.88,Not spicy,True,36,9,32.21,0.0
773207,Osaka Kitchen,Los Angeles,2025-03-31T22:47:06.638600,4.15,Hot,False,52,10,35.76,7.38
620970,Sakura Tako House,Austin,2025-01-04T12:21:08.638637,7.88,Not spicy,False,49,7,24.59,6.62
738968,Tokyo Balls,Los Angeles,2025-02-26T16:47:40.638673,3.42,Mild,False,29,9,29.75,3.73
788870,Octopus Garden,Miami,2025-01-23T09:48:45.638709,4.06,Not spicy,True,31,3,13.18,2.28
838338,Tako Delight,Los Angeles,2025-03-15T16:19:57.638745,15.0,Mild,False,62,2,12.19,1.91
341819,Tokyo Balls,Austin,2025-01-25T18:40:56.638781,5.09,Mild,True,26,5,15.28,1.47
275097,Hot Tako Express,Miami,2025-05-07T18:04:31.638817,0.67,Not spicy,True,32,11,30.51,3.1
328628,Osaka Kitchen,Austin,2025-05-02T08:31:02.638853,3.86,Hot,True,38,3,11.06,2.53
411612,Osaka Kitchen,New York,2025-03-12T05:03:35.638889,3.17,Not spicy,True,14,1,6.73,1.43
369082,Hot Tako Express,Miami,2025-02-06T03:39:00.638926,13.63,Hot,True,70,3,14.09,3.26
853266,Crispy Tentacle Co.,Miami,2025-04-28T05:59:51.638962,5.89,Not spicy,True,57,4,16.34,3.06
088868,Golden Tako,San Francisco,2025-01-26T12:53:19.638998,4.01,Not spicy,False,28,6,29.54,4.09
250161,Crispy Tentacle Co.,New York,2025-02-08T04:39:46.639034,3.36,Not spicy,False,23,3,13.58,4.55
391439,Golden Tako,Miami,2025-03-20T01:59:01.639071,4.33,Not spicy,True,13,3,13.59,0.0
438555,Osaka Kitchen,Los Angeles,2025-04-25T06:24:14.639107,11.6,Hot,True,64,1,8.35,2.37
402349,Sakura Tako House,Los Angeles,2025-04-08T03:39:40.639143,6.28,Hot,False,46,1,7.48,1.1
666371,Tako Delight,Las Vegas,2025-07-01T03:12:51.639179,1.27,Mild,False,19,1,5.07,0.46
676604,Golden Tako,Miami,2025-02-05T01:15:47.639215,1.66,Not spicy,False,36,1,6.01,0.82
513426,Crispy Tentacle Co.,Los Angeles,2025-02-08T23:33:22.639251,2.35,Not spicy,True,28,7,24.18,5.17
329861,Hot Tako Express,Miami,2025-01-14T01:27:36.639287,3.02,Not spicy,True,28,4,13.42,1.13
907565,Tako Master,New York,2025-04-07T18:03:17.639323,1.24,Not spicy,True,32,2,12.05,3.15
143167,Tokyo Balls,Austin,2025-04-22T16:46:32.639360,2.23,Not spicy,True,43,4,12.07,1.56
529990,Hot Tako Express,Austin,2025-05-16T14:31:52.639396,3.15,Not spicy,False,31,4,11.19,1.24
515611,Sakura Tako House,Las Vegas,2025-06-15T17:47:35.639437,0.87,Hot,True,17,4,15.58,4.53
465412,Hot Tako Express,Los Angeles,2025-01-19T16:53:11.639474,2.62,Mild,False,35,2,8.39,1.51
592862,Tako Bell,Los Angeles,2025-03-01T08:51:04.639511,1.55,Hot,True,31,2,7.52,1.34
034283,Crispy Tentacle Co.,Los Angeles,2025-04-18T01:03:04.639547,6.86,Hot,True,38,6,23.94,5.91
302692,Golden Tako,Austin,2025-04-23T11:44:08.639583,3.81,Hot,False,47,4,15.4,4.16
778586,Hot Tako Express,Miami,2025-04-12T20:08:31.639619,2.65,Not spicy,False,37,2,8.31,1.41
118710,Osaka Kitchen,New York,2025-02-24T16:03:59.639655,2.17,Danger,True,27,4,19.83,2.21
812764,Tako Delight,San Francisco,2025-04-18T21:43:07.639694,2.53,Not spicy,True,41,7,28.18,5.73
862570,Tako Bell,Las Vegas,2025-03-30T08:31:51.639731,1.3,Not spicy,True,38,11,26.49,4.52
572892,Tokyo Balls,Austin,2025-01-23T12:54:31.639768,3.24,Not spicy,True,31,1,5.59,1.33
771740,Tokyo Balls,San Francisco,2025-06-22T12:31:22.639804,1.93,Hot,False,43,1,6.19,2.17
033796,Hot Tako Express,San Francisco,2025-03-12T08:06:00.639840,8.04,Danger,True,63,1,7.72,1.34
904081,Octopus Garden,Austin,2025-06-20T16:09:34.639876,8.48,Mild,True,57,2,10.23,3.2
123088,Tokyo Balls,Los Angeles,2025-06-10T01:45:43.639912,14.5,Mild,True,65,6,24.6,4.97
773443,Osaka Kitchen,Las Vegas,2025-03-12T17:40:18.639949,8.64,Hot,False,34,16,51.14,11.13
902874,Osaka Kitchen,Las Vegas,2025-03-27T19:01:00.639987,3.29,Mild,True,42,5,17.63,2.04
174044,Osaka Kitchen,Los Angeles,2025-06-05T01:16:35.640024,2.32,Mild,True,32,1,6.2,1.15
216656,Tokyo Balls,New York,2025-04-24T08:21:09.640061,1.53,Hot,True,27,2,9.11,1.38
367856,Tako Delight,San Francisco,2025-04-29T13:10:19.640097,13.96,Mild,True,53,4,20.71,5.53
564939,Golden Tako,San Francisco,2025-05-20T08:44:31.640133,2.82,Mild,True,27,7,34.54,7.82
306849,Crispy Tentacle Co.,Miami,2025-02-24T13:31:21.640169,9.47,Not spicy,True,45,2,10.65,2.28
998660,Tako Delight,Las Vegas,2025-06-10T22:37:55.640205,7.49,Not spicy,True,44,3,11.62,0.0
099850,Golden Tako,Austin,2025-07-01T01:23:10.640241,1.17,Hot,True,23,4,15.35,1.78
062165,Crispy Tentacle Co.,Las Vegas,2025-01-28T06:57:19.640277,2.66,Mild,True,29,9,26.62,2.55
735499,Golden Tako,Los Angeles,2025-02-01T01:09:26.640314,4.81,Mild,True,22,5,22.61,3.46
745951,Tako Master,Los Angeles,2025-05-31T12:20:15.640350,8.92,Mild,True,55,4,23.16,3.27
884532,Sakura Tako House,Austin,2025-01-31T06:10:53.640386,15.0,Not spicy,False,51,1,8.74,1.53
605474,Crispy Tentacle Co.,Las Vegas,2025-03-25T02:02:32.640422,12.53,Danger,True,53,2,11.37,1.98
393396,Hot Tako Express,New York,2025-05-06T16:31:58.640459,0.98,Not spicy,True,33,7,23.95,1.2
833197,Octopus Garden,Austin,2025-04-13T18:32:47.640495,1.53,Not spicy,True,24,1,5.42,0.0
786224,Crispy Tentacle Co.,Las Vegas,2025-06-23T00:12:31.640531,12.23,Hot,False,64,6,22.46,0.0
386999,Hot Tako Express,Austin,2025-03-08T04:53:31.640567,3.6,Not spicy,True,26,10,24.37,5.74
610224,Tako Bell,Las Vegas,2025-01-21T17:41:06.640604,5.7,Mild,True,46,15,38.24,9.05
766437,Hot Tako Express,Las Vegas,2025-05-12T14:44:53.640640,3.47,Mild,True,35,10,27.44,1.37
731160,Tako Master,New York,2025-06-07T03:44:29.640676,1.54,Not spicy,False,35,15,75.31,15.01
560384,Sakura Tako House,Los Angeles,2025-03-28T01:53:44.640714,0.76,Mild,False,46,4,16.62,3.49
864915,Tokyo Balls,Austin,2025-02-24T19:05:09.640750,12.83,Hot,True,67,9,28.34,9.13
338548,Crispy Tentacle Co.,San Francisco,2025-04-19T22:15:56.640787,3.61,Not spicy,False,24,4,18.1,0.0
606007,Golden Tako,Miami,2025-06-18T04:11:26.640823,14.94,Mild,False,59,2,12.95,1.58
