month,department,line_type,product_line,category,subcategory,counterparty,invoice_id,amount,budget,variance,is_over_budget,spend_to_budget_ratio,headcount,role,notes,days_past_due,aging_bucket,state,dept_total_opex,company_ebitda
2025-04-01,Operations,expense,N/A,other,Other,OfficeDepot,E-202504-OT-029,427.55,397.89,29.66,True,1.075,3,N/A,Operations other line,,,New York,45182.91,-1954751.8262000002
2025-04-01,Operations,expense,N/A,other,Other,WeWork,E-202504-OT-020,418.17,414.03,4.14,True,1.01,3,N/A,Operations other line,,,New Jersey,45182.91,-1954751.8262000002
2025-04-01,Operations,expense,N/A,other,Other,FedEx,E-202504-OT-006,408.97,376.09,32.88,True,1.087,3,N/A,Operations other line,,,Maryland,45182.91,-1954751.8262000002
2025-04-01,Operations,expense,N/A,other,Other,UPS,E-202504-OT-039,389.56,369.78,19.78,True,1.053,3,N/A,Operations other line,,,California,45182.91,-1954751.8262000002
2025-04-01,Operations,expense,N/A,other,Other,FedEx,E-202504-OT-036,389.31,361.7,27.61,True,1.076,3,N/A,Operations other line,,,Texas,45182.91,-1954751.8262000002
2025-04-01,Operations,expense,N/A,other,Other,Staples,E-202504-OT-055,319.75,310.66,9.09,True,1.029,3,N/A,Operations other line,,,Michigan,45182.91,-1954751.8262000002
2025-04-01,Operations,expense,N/A,other,Other,Staples,E-202504-OT-085,310.15,290.89,19.26,True,1.066,3,N/A,Operations other line,,,Massachusetts,45182.91,-1954751.8262000002
2025-04-01,Operations,expense,N/A,other,Other,LegalCo,E-202504-OT-022,294.72,291.8,2.92,True,1.01,3,N/A,Operations other line,,,Ohio,45182.91,-1954751.8262000002
2025-04-01,Operations,expense,N/A,other,Other,OfficeDepot,E-202504-OT-071,278.59,274.29,4.3,True,1.016,3,N/A,Operations other line,,,New York,45182.91,-1954751.8262000002
2025-04-01,Operations,expense,N/A,other,Other,WeWork,E-202504-OT-038,274.67,264.4,10.27,True,1.039,3,N/A,Operations other line,,,Utah,45182.91,-1954751.8262000002
2025-04-01,Operations,expense,N/A,other,Other,LegalCo,E-202504-OT-046,273.94,258.43,15.51,True,1.06,3,N/A,Operations other line,,,California,45182.91,-1954751.8262000002
2025-04-01,Operations,expense,N/A,other,Other,UPS,E-202504-OT-105,264.57,254.68,9.89,True,1.039,3,N/A,Operations other line,,,New Jersey,45182.91,-1954751.8262000002
2025-04-01,Operations,expense,N/A,other,Other,OfficeDepot,E-202504-OT-065,260.39,253.37,7.02,True,1.028,3,N/A,Operations other line,,,California,45182.91,-1954751.8262000002
2025-04-01,Operations,expense,N/A,other,Other,OfficeDepot,E-202504-OT-047,229.48,223.73,5.75,True,1.026,3,N/A,Operations other line,21.0,0-30,California,45182.91,-1954751.8262000002
2025-04-01,Operations,expense,N/A,other,Other,WeWork,E-202504-OT-044,214.6,199.26,15.34,True,1.077,3,N/A,Operations other line,,,Wyoming,45182.91,-1954751.8262000002
2025-04-01,Operations,expense,N/A,other,Other,Staples,E-202504-OT-067,212.34,200.9,11.44,True,1.057,3,N/A,Operations other line,,,Oregon,45182.91,-1954751.8262000002
2025-04-01,Operations,expense,N/A,other,Other,OfficeDepot,E-202504-OT-095,210.12,206.47,3.65,True,1.018,3,N/A,Operations other line,,,Michigan,45182.91,-1954751.8262000002
2025-04-01,Operations,expense,N/A,other,Other,Staples,E-202504-OT-019,188.24,184.63,3.61,True,1.02,3,N/A,Operations other line,,,New Mexico,45182.91,-1954751.8262000002
2025-04-01,Operations,expense,N/A,other,Other,UPS,E-202504-OT-027,169.9,167.39,2.51,True,1.015,3,N/A,Operations other line,,,Colorado,45182.91,-1954751.8262000002
2025-04-01,Operations,expense,N/A,other,Other,Staples,E-202504-OT-049,169.31,162.89,6.42,True,1.039,3,N/A,Operations other line,16.0,0-30,California,45182.91,-1954751.8262000002
2025-04-01,Operations,expense,N/A,other,Other,FedEx,E-202504-OT-084,165.37,157.39,7.98,True,1.051,3,N/A,Operations other line,,,Texas,45182.91,-1954751.8262000002
2025-04-01,Operations,expense,N/A,other,Other,FedEx,E-202504-OT-054,162.98,151.56,11.42,True,1.075,3,N/A,Operations other line,,,Oregon,45182.91,-1954751.8262000002
2025-04-01,Operations,expense,N/A,other,Other,WeWork,E-202504-OT-098,162.47,158.8,3.67,True,1.023,3,N/A,Operations other line,,,Minnesota,45182.91,-1954751.8262000002
2025-04-01,Operations,expense,N/A,other,Other,LegalCo,E-202504-OT-040,154.58,147.07,7.51,True,1.051,3,N/A,Operations other line,,,Arizona,45182.91,-1954751.8262000002
2025-04-01,Operations,expense,N/A,other,Other,FedEx,E-202504-OT-012,154.52,145.25,9.27,True,1.064,3,N/A,Operations other line,22.0,0-30,Massachusetts,45182.91,-1954751.8262000002
2025-04-01,Operations,expense,N/A,other,Other,LegalCo,E-202504-OT-016,150.95,140.16,10.79,True,1.077,3,N/A,Operations other line,,,Ohio,45182.91,-1954751.8262000002
2025-04-01,Operations,expense,N/A,other,Other,LegalCo,E-202504-OT-100,147.36,136.71,10.65,True,1.078,3,N/A,Operations other line,,,North Carolina,45182.91,-1954751.8262000002
2025-04-01,Operations,expense,N/A,other,Other,FedEx,E-202504-OT-066,145.58,134.49,11.09,True,1.082,3,N/A,Operations other line,13.0,0-30,Texas,45182.91,-1954751.8262000002
2025-04-01,Operations,expense,N/A,other,Other,UPS,E-202504-OT-069,142.04,133.53,8.51,True,1.064,3,N/A,Operations other line,17.0,0-30,Virginia,45182.91,-1954751.8262000002
2025-04-01,Operations,expense,N/A,other,Other,WeWork,E-202504-OT-014,139.72,130.18,9.54,True,1.073,3,N/A,Operations other line,52.0,31-60,New Jersey,45182.91,-1954751.8262000002
2025-04-01,Operations,expense,N/A,other,Other,UPS,E-202504-OT-081,137.87,126.26,11.61,True,1.092,3,N/A,Operations other line,8.0,0-30,Alabama,45182.91,-1954751.8262000002
2025-04-01,Operations,expense,N/A,other,Other,LegalCo,E-202504-OT-076,137.82,132.2,5.62,True,1.043,3,N/A,Operations other line,48.0,31-60,Colorado,45182.91,-1954751.8262000002
2025-04-01,Operations,expense,N/A,other,Other,Staples,E-202504-OT-031,133.66,132.34,1.32,True,1.01,3,N/A,Operations other line,,,California,45182.91,-1954751.8262000002
2025-04-01,Operations,expense,N/A,other,Other,LegalCo,E-202504-OT-106,133.52,122.82,10.7,True,1.087,3,N/A,Operations other line,,,Minnesota,45182.91,-1954751.8262000002
2025-04-01,Operations,expense,N/A,other,Other,FedEx,E-202504-OT-102,119.59,116.07,3.52,True,1.03,3,N/A,Operations other line,,,Washington,45182.91,-1954751.8262000002
2025-04-01,Operations,expense,N/A,other,Other,OfficeDepot,E-202504-OT-107,118.1,111.74,6.36,True,1.057,3,N/A,Operations other line,,,Georgia,45182.91,-1954751.8262000002
2025-04-01,Operations,expense,N/A,other,Other,OfficeDepot,E-202504-OT-101,113.45,105.12,8.33,True,1.079,3,N/A,Operations other line,32.0,31-60,California,45182.91,-1954751.8262000002
2025-04-01,Operations,expense,N/A,other,Other,Staples,E-202504-OT-109,112.2,111.09,1.11,True,1.01,3,N/A,Operations other line,,,Massachusetts,45182.91,-1954751.8262000002
2025-04-01,Operations,expense,N/A,other,Other,FedEx,E-202504-OT-060,108.4,102.14,6.26,True,1.061,3,N/A,Operations other line,,,Minnesota,45182.91,-1954751.8262000002
2025-04-01,Operations,expense,N/A,other,Other,UPS,E-202504-OT-045,104.46,98.72,5.74,True,1.058,3,N/A,Operations other line,,,Maryland,45182.91,-1954751.8262000002
2025-04-01,Operations,expense,N/A,other,Other,LegalCo,E-202504-OT-052,101.35,95.94,5.41,True,1.056,3,N/A,Operations other line,,,New Jersey,45182.91,-1954751.8262000002
2025-04-01,Operations,expense,N/A,other,Other,OfficeDepot,E-202504-OT-077,100.56,94.54,6.02,True,1.064,3,N/A,Operations other line,26.0,0-30,New York,45182.91,-1954751.8262000002
2025-04-01,Operations,expense,N/A,other,Other,UPS,E-202504-OT-003,100.24,97.39,2.85,True,1.029,3,N/A,Operations other line,4.0,0-30,North Carolina,45182.91,-1954751.8262000002
2025-04-01,Operations,expense,N/A,other,Other,WeWork,E-202504-OT-062,100.07,94.71,5.36,True,1.057,3,N/A,Operations other line,,,New York,45182.91,-1954751.8262000002
2025-04-01,Operations,expense,N/A,other,Other,Staples,E-202504-OT-037,99.31,95.57,3.74,True,1.039,3,N/A,Operations other line,,,New Jersey,45182.91,-1954751.8262000002
2025-04-01,Operations,expense,N/A,other,Other,LegalCo,E-202504-OT-082,99.25,95.62,3.63,True,1.038,3,N/A,Operations other line,,,Rhode Island,45182.91,-1954751.8262000002
2025-04-01,Operations,expense,N/A,other,Other,UPS,E-202504-OT-063,97.02,94.82,2.2,True,1.023,3,N/A,Operations other line,3.0,0-30,California,45182.91,-1954751.8262000002
2025-04-01,Operations,expense,N/A,other,Other,FedEx,E-202504-OT-018,96.47,89.08,7.39,True,1.083,3,N/A,Operations other line,3.0,0-30,Minnesota,45182.91,-1954751.8262000002
2025-04-01,Operations,expense,N/A,other,Other,Staples,E-202504-OT-073,93.39,86.2,7.19,True,1.083,3,N/A,Operations other line,5.0,0-30,Texas,45182.91,-1954751.8262000002
2025-04-01,Operations,expense,N/A,other,Other,WeWork,E-202504-OT-032,85.49,82.31,3.18,True,1.039,3,N/A,Operations other line,,,New York,45182.91,-1954751.8262000002
2025-04-01,Operations,expense,N/A,other,Other,FedEx,E-202504-OT-024,84.15,82.89,1.26,True,1.015,3,N/A,Operations other line,,,Massachusetts,45182.91,-1954751.8262000002
2025-04-01,Operations,expense,N/A,other,Other,UPS,E-202504-OT-057,83.97,82.19,1.78,True,1.022,3,N/A,Operations other line,30.0,0-30,Washington,45182.91,-1954751.8262000002
2025-04-01,Operations,expense,N/A,other,Other,WeWork,E-202504-OT-104,83.18,76.92,6.26,True,1.081,3,N/A,Operations other line,,,New York,45182.91,-1954751.8262000002
2025-04-01,Operations,expense,N/A,other,Other,OfficeDepot,E-202504-OT-011,82.46,77.63,4.83,True,1.062,3,N/A,Operations other line,46.0,31-60,Oregon,45182.91,-1954751.8262000002
2025-04-01,Operations,expense,N/A,other,Other,WeWork,E-202504-OT-026,79.17,75.81,3.36,True,1.044,3,N/A,Operations other line,,,New Mexico,45182.91,-1954751.8262000002
2025-04-01,Operations,expense,N/A,other,Other,Staples,E-202504-OT-007,76.36,75.6,0.76,True,1.01,3,N/A,Operations other line,,,Massachusetts,45182.91,-1954751.8262000002
2025-04-01,Operations,expense,N/A,other,Other,Staples,E-202504-OT-013,76.11,68.53,7.58,True,1.111,3,N/A,Operations other line,,,Utah,45182.91,-1954751.8262000002
2025-04-01,Operations,expense,N/A,other,Other,FedEx,E-202504-OT-030,75.61,73.18,2.43,True,1.033,3,N/A,Operations other line,,,Wyoming,45182.91,-1954751.8262000002
2025-04-01,Operations,expense,N/A,other,Other,UPS,E-202504-OT-033,74.78,71.51,3.27,True,1.046,3,N/A,Operations other line,34.0,31-60,Kansas,45182.91,-1954751.8262000002
2025-04-01,Operations,expense,N/A,other,Other,UPS,E-202504-OT-015,67.69,64.6,3.09,True,1.048,3,N/A,Operations other line,,,Maine,45182.91,-1954751.8262000002
2025-04-01,Operations,expense,N/A,other,Other,UPS,E-202504-OT-075,67.6,62.57,5.03,True,1.08,3,N/A,Operations other line,,,South Carolina,45182.91,-1954751.8262000002
2025-04-01,Operations,expense,N/A,other,Other,OfficeDepot,E-202504-OT-017,66.59,65.93,0.66,True,1.01,3,N/A,Operations other line,,,Kansas,45182.91,-1954751.8262000002
2025-04-01,Operations,expense,N/A,other,Other,UPS,E-202504-OT-087,64.7,60.29,4.41,True,1.073,3,N/A,Operations other line,,,Virginia,45182.91,-1954751.8262000002
2025-04-01,Operations,expense,N/A,other,Other,FedEx,E-202504-OT-042,61.1,55.84,5.26,True,1.094,3,N/A,Operations other line,41.0,31-60,Texas,45182.91,-1954751.8262000002
2025-04-01,Operations,expense,N/A,other,Other,Staples,E-202504-OT-025,59.86,58.54,1.32,True,1.023,3,N/A,Operations other line,,,Rhode Island,45182.91,-1954751.8262000002
2025-04-01,Operations,expense,N/A,other,Other,WeWork,E-202504-OT-080,58.15,55.38,2.77,True,1.05,3,N/A,Operations other line,19.0,0-30,Florida,45182.91,-1954751.8262000002
2025-04-01,Operations,expense,N/A,other,Other,FedEx,E-202504-OT-072,58.1,54.98,3.12,True,1.057,3,N/A,Operations other line,8.0,0-30,Wyoming,45182.91,-1954751.8262000002
2025-04-01,Operations,expense,N/A,other,Other,LegalCo,E-202504-OT-088,58.06,56.75,1.31,True,1.023,3,N/A,Operations other line,11.0,0-30,California,45182.91,-1954751.8262000002
2025-04-01,Operations,expense,N/A,other,Other,LegalCo,E-202504-OT-004,56.33,51.84,4.49,True,1.087,3,N/A,Operations other line,18.0,0-30,Oregon,45182.91,-1954751.8262000002
2025-04-01,Operations,expense,N/A,other,Other,OfficeDepot,E-202504-OT-053,55.96,55.36,0.6,True,1.011,3,N/A,Operations other line,,,Tennessee,45182.91,-1954751.8262000002
2025-04-01,Operations,expense,N/A,other,Other,WeWork,E-202504-OT-056,55.07,53.79,1.28,True,1.024,3,N/A,Operations other line,,,Indiana,45182.91,-1954751.8262000002
2025-04-01,Operations,expense,N/A,other,Other,FedEx,E-202504-OT-108,54.55,54.01,0.54,True,1.01,3,N/A,Operations other line,,,Montana,45182.91,-1954751.8262000002
2025-04-01,Operations,expense,N/A,other,Other,UPS,E-202504-OT-021,54.34,53.8,0.54,True,1.01,3,N/A,Operations other line,,,New Jersey,45182.91,-1954751.8262000002
2025-04-01,Operations,expense,N/A,other,Other,UPS,E-202504-OT-099,54.19,51.68,2.51,True,1.049,3,N/A,Operations other line,,,California,45182.91,-1954751.8262000002
2025-04-01,Operations,expense,N/A,other,Other,LegalCo,E-202504-OT-034,52.75,48.23,4.52,True,1.094,3,N/A,Operations other line,,,Nevada,45182.91,-1954751.8262000002
2025-04-01,Operations,expense,N/A,other,Other,UPS,E-202504-OT-009,49.94,47.15,2.79,True,1.059,3,N/A,Operations other line,,,Colorado,45182.91,-1954751.8262000002
2025-04-01,Operations,expense,N/A,other,Other,LegalCo,E-202504-OT-028,47.13,45.16,1.97,True,1.044,3,N/A,Operations other line,,,Michigan,45182.91,-1954751.8262000002
2025-04-01,Operations,expense,N/A,other,Other,OfficeDepot,E-202504-OT-041,43.8,42.9,0.9,True,1.021,3,N/A,Operations other line,,,New Mexico,45182.91,-1954751.8262000002
2025-04-01,Operations,expense,N/A,other,Other,LegalCo,E-202504-OT-070,42.92,40.02,2.9,True,1.072,3,N/A,Operations other line,,,New York,45182.91,-1954751.8262000002
2025-04-01,Operations,expense,N/A,other,Other,FedEx,E-202504-OT-090,42.31,40.1,2.21,True,1.055,3,N/A,Operations other line,,,Texas,45182.91,-1954751.8262000002
2025-04-01,Operations,expense,N/A,other,Other,WeWork,E-202504-OT-086,41.26,39.37,1.89,True,1.048,3,N/A,Operations other line,,,Wisconsin,45182.91,-1954751.8262000002
2025-04-01,Operations,expense,N/A,other,Other,WeWork,E-202504-OT-002,39.45,37.1,2.35,True,1.063,3,N/A,Operations other line,28.0,0-30,Wisconsin,45182.91,-1954751.8262000002
2025-04-01,Operations,expense,N/A,other,Other,FedEx,E-202504-OT-096,36.41,34.24,2.17,True,1.063,3,N/A,Operations other line,,,New Jersey,45182.91,-1954751.8262000002
2025-04-01,Operations,expense,N/A,other,Other,Staples,E-202504-OT-091,35.74,33.72,2.02,True,1.06,3,N/A,Operations other line,,,Massachusetts,45182.91,-1954751.8262000002
2025-04-01,Operations,expense,N/A,other,Other,OfficeDepot,E-202504-OT-089,35.57,31.77,3.8,True,1.12,3,N/A,Operations other line,,,California,45182.91,-1954751.8262000002
2025-04-01,Operations,expense,N/A,other,Other,Staples,E-202504-OT-103,35.11,34.76,0.35,True,1.01,3,N/A,Operations other line,,,Michigan,45182.91,-1954751.8262000002
2025-04-01,Operations,expense,N/A,other,Other,WeWork,E-202504-OT-074,32.87,31.37,1.5,True,1.048,3,N/A,Operations other line,,,Missouri,45182.91,-1954751.8262000002
2025-04-01,Operations,expense,N/A,other,Other,LegalCo,E-202504-OT-094,29.61,27.72,1.89,True,1.068,3,N/A,Operations other line,,,Utah,45182.91,-1954751.8262000002
2025-04-01,Operations,expense,N/A,other,Other,WeWork,E-202504-OT-008,27.93,27.05,0.88,True,1.033,3,N/A,Operations other line,,,Massachusetts,45182.91,-1954751.8262000002
2025-04-01,Operations,expense,N/A,other,Other,Staples,E-202504-OT-097,24.36,24.11,0.25,True,1.01,3,N/A,Operations other line,17.0,0-30,Utah,45182.91,-1954751.8262000002
2025-04-01,Operations,expense,N/A,other,Other,OfficeDepot,E-202504-OT-059,22.78,21.59,1.19,True,1.055,3,N/A,Operations other line,16.0,0-30,Pennsylvania,45182.91,-1954751.8262000002
2025-04-01,Operations,expense,N/A,other,Other,OfficeDepot,E-202504-OT-083,21.06,20.21,0.85,True,1.042,3,N/A,Operations other line,,,New York,45182.91,-1954751.8262000002
2025-04-01,Operations,expense,N/A,other,Other,WeWork,E-202504-OT-092,20.16,19.64,0.52,True,1.026,3,N/A,Operations other line,,,Idaho,45182.91,-1954751.8262000002
2025-04-01,Operations,expense,N/A,other,Other,Staples,E-202504-OT-001,14.87,14.39,0.48,True,1.034,3,N/A,Operations other line,,,Maryland,45182.91,-1954751.8262000002
2025-04-01,Operations,expense,N/A,other,Other,WeWork,E-202504-OT-050,14.86,14.34,0.52,True,1.036,3,N/A,Operations other line,,,Ohio,45182.91,-1954751.8262000002
2025-04-01,Operations,expense,N/A,other,Other,WeWork,E-202504-OT-068,14.22,13.23,0.99,True,1.075,3,N/A,Operations other line,,,California,45182.91,-1954751.8262000002
2025-04-01,Operations,expense,N/A,other,Other,OfficeDepot,E-202504-OT-023,10.35,9.98,0.37,True,1.037,3,N/A,Operations other line,,,Florida,45182.91,-1954751.8262000002
2025-04-01,Operations,expense,N/A,other,Other,Staples,E-202504-OT-043,9.51,8.86,0.65,True,1.074,3,N/A,Operations other line,,,New Jersey,45182.91,-1954751.8262000002
2025-04-01,Operations,expense,N/A,other,Other,LegalCo,E-202504-OT-064,9.45,8.46,0.99,True,1.117,3,N/A,Operations other line,,,California,45182.91,-1954751.8262000002
2025-04-01,Operations,expense,N/A,other,Other,UPS,E-202504-OT-051,6.53,6.47,0.06,True,1.01,3,N/A,Operations other line,,,Indiana,45182.91,-1954751.8262000002
2025-04-01,Operations,expense,N/A,other,Other,UPS,E-202504-OT-093,5.87,5.79,0.08,True,1.014,3,N/A,Operations other line,2.0,0-30,Texas,45182.91,-1954751.8262000002
2025-04-01,Operations,expense,N/A,other,Other,OfficeDepot,E-202504-OT-005,5.78,5.12,0.66,True,1.13,3,N/A,Operations other line,,,Alaska,45182.91,-1954751.8262000002
2025-04-01,Operations,expense,N/A,other,Other,FedEx,E-202504-OT-048,3.75,3.58,0.17,True,1.048,3,N/A,Operations other line,25.0,0-30,Massachusetts,45182.91,-1954751.8262000002
2025-04-01,Operations,expense,N/A,other,Other,Staples,E-202504-OT-079,3.46,3.2,0.26,True,1.081,3,N/A,Operations other line,,,California,45182.91,-1954751.8262000002
2025-04-01,Operations,expense,N/A,other,Other,LegalCo,E-202504-OT-010,2.93,2.66,0.27,True,1.104,3,N/A,Operations other line,0.0,0-30,Massachusetts,45182.91,-1954751.8262000002
2025-04-01,Operations,expense,N/A,other,Other,OfficeDepot,E-202504-OT-035,2.24,2.1,0.14,True,1.068,3,N/A,Operations other line,,,Texas,45182.91,-1954751.8262000002
2025-04-01,Operations,expense,N/A,other,Other,FedEx,E-202504-OT-078,1.29,1.24,0.05,True,1.039,3,N/A,Operations other line,,,Illinois,45182.91,-1954751.8262000002
2025-04-01,Operations,expense,N/A,other,Other,Staples,E-202504-OT-061,1.24,1.15,0.09,True,1.077,3,N/A,Operations other line,1.0,0-30,Missouri,45182.91,-1954751.8262000002
2025-04-01,Operations,expense,N/A,other,Other,LegalCo,E-202504-OT-058,0.28,0.27,0.01,True,1.029,3,N/A,Operations other line,,,Alabama,45182.91,-1954751.8262000002
2025-04-01,Operations,expense,N/A,payroll,Payroll,Gusto,E-202504-PA-058,2163.66,2035.42,128.24,True,1.063,3,Ops,Operations payroll line,,,California,45182.91,-1954751.8262000002
2025-04-01,Operations,expense,N/A,payroll,Payroll,Gusto,E-202504-PA-049,1869.71,1796.67,73.04,True,1.041,3,Facilities,Operations payroll line,,,Florida,45182.91,-1954751.8262000002
2025-04-01,Operations,expense,N/A,payroll,Payroll,Rippling,E-202504-PA-002,1276.83,1251.49,25.34,True,1.02,3,Facilities,Operations payroll line,,,Michigan,45182.91,-1954751.8262000002
2025-04-01,Operations,expense,N/A,payroll,Payroll,Rippling,E-202504-PA-059,883.47,838.95,44.52,True,1.053,3,Facilities,Operations payroll line,,,Ohio,45182.91,-1954751.8262000002
2025-04-01,Operations,expense,N/A,payroll,Payroll,Rippling,E-202504-PA-017,777.57,767.93,9.64,True,1.013,3,Logistics,Operations payroll line,,,New York,45182.91,-1954751.8262000002
2025-04-01,Operations,expense,N/A,payroll,Payroll,Gusto,E-202504-PA-007,734.03,689.63,44.4,True,1.064,3,Facilities,Operations payroll line,23.0,0-30,New York,45182.91,-1954751.8262000002
2025-04-01,Operations,expense,N/A,payroll,Payroll,Workday,E-202504-PA-057,701.02,624.05,76.97,True,1.123,3,Facilities,Operations payroll line,,,Florida,45182.91,-1954751.8262000002
2025-04-01,Operations,expense,N/A,payroll,Payroll,Workday,E-202504-PA-060,679.59,669.2,10.39,True,1.016,3,Facilities,Operations payroll line,0.0,0-30,Texas,45182.91,-1954751.8262000002
2025-04-01,Operations,expense,N/A,payroll,Payroll,Workday,E-202504-PA-066,620.12,578.8,41.32,True,1.071,3,Facilities,Operations payroll line,20.0,0-30,Michigan,45182.91,-1954751.8262000002
2025-04-01,Operations,expense,N/A,payroll,Payroll,Rippling,E-202504-PA-056,606.69,590.6,16.09,True,1.027,3,Logistics,Operations payroll line,0.0,0-30,Connecticut,45182.91,-1954751.8262000002
2025-04-01,Operations,expense,N/A,payroll,Payroll,Workday,E-202504-PA-036,596.37,569.66,26.71,True,1.047,3,Ops,Operations payroll line,,,California,45182.91,-1954751.8262000002
2025-04-01,Operations,expense,N/A,payroll,Payroll,Gusto,E-202504-PA-001,571.87,553.71,18.16,True,1.033,3,Facilities,Operations payroll line,,,Texas,45182.91,-1954751.8262000002
2025-04-01,Operations,expense,N/A,payroll,Payroll,Workday,E-202504-PA-048,570.34,559.28,11.06,True,1.02,3,Facilities,Operations payroll line,,,New York,45182.91,-1954751.8262000002
2025-04-01,Operations,expense,N/A,payroll,Payroll,Rippling,E-202504-PA-035,550.82,520.98,29.84,True,1.057,3,Facilities,Operations payroll line,,,North Dakota,45182.91,-1954751.8262000002
2025-04-01,Operations,expense,N/A,payroll,Payroll,Workday,E-202504-PA-009,550.25,510.28,39.97,True,1.078,3,Facilities,Operations payroll line,46.0,31-60,Kansas,45182.91,-1954751.8262000002
2025-04-01,Operations,expense,N/A,payroll,Payroll,Gusto,E-202504-PA-040,536.06,520.47,15.59,True,1.03,3,Logistics,Operations payroll line,,,Wisconsin,45182.91,-1954751.8262000002
2025-04-01,Operations,expense,N/A,payroll,Payroll,Workday,E-202504-PA-018,531.94,491.05,40.89,True,1.083,3,Ops,Operations payroll line,,,Illinois,45182.91,-1954751.8262000002
2025-04-01,Operations,expense,N/A,payroll,Payroll,Workday,E-202504-PA-039,511.95,486.81,25.14,True,1.052,3,Facilities,Operations payroll line,,,Texas,45182.91,-1954751.8262000002
2025-04-01,Operations,expense,N/A,payroll,Payroll,Workday,E-202504-PA-015,508.09,503.06,5.03,True,1.01,3,Facilities,Operations payroll line,,,Maryland,45182.91,-1954751.8262000002
2025-04-01,Operations,expense,N/A,payroll,Payroll,Rippling,E-202504-PA-026,508.06,491.1,16.96,True,1.035,3,Logistics,Operations payroll line,53.0,31-60,Alabama,45182.91,-1954751.8262000002
2025-04-01,Operations,expense,N/A,payroll,Payroll,Rippling,E-202504-PA-041,496.66,474.87,21.79,True,1.046,3,Facilities,Operations payroll line,44.0,31-60,Missouri,45182.91,-1954751.8262000002
2025-04-01,Operations,expense,N/A,payroll,Payroll,Gusto,E-202504-PA-055,488.92,456.47,32.45,True,1.071,3,Facilities,Operations payroll line,,,Florida,45182.91,-1954751.8262000002
2025-04-01,Operations,expense,N/A,payroll,Payroll,Workday,E-202504-PA-006,488.08,468.95,19.13,True,1.041,3,Facilities,Operations payroll line,,,New Jersey,45182.91,-1954751.8262000002
2025-04-01,Operations,expense,N/A,payroll,Payroll,Gusto,E-202504-PA-004,464.67,443.75,20.92,True,1.047,3,Facilities,Operations payroll line,32.0,31-60,Arizona,45182.91,-1954751.8262000002
2025-04-01,Operations,expense,N/A,payroll,Payroll,Gusto,E-202504-PA-037,447.35,430.93,16.42,True,1.038,3,Ops,Operations payroll line,,,Wyoming,45182.91,-1954751.8262000002
2025-04-01,Operations,expense,N/A,payroll,Payroll,Gusto,E-202504-PA-061,443.26,433.68,9.58,True,1.022,3,Facilities,Operations payroll line,,,Kentucky,45182.91,-1954751.8262000002
2025-04-01,Operations,expense,N/A,payroll,Payroll,Gusto,E-202504-PA-064,409.82,396.39,13.43,True,1.034,3,Logistics,Operations payroll line,,,Colorado,45182.91,-1954751.8262000002
2025-04-01,Operations,expense,N/A,payroll,Payroll,Gusto,E-202504-PA-013,383.34,372.43,10.91,True,1.029,3,Facilities,Operations payroll line,,,New York,45182.91,-1954751.8262000002
2025-04-01,Operations,expense,N/A,payroll,Payroll,Workday,E-202504-PA-033,373.99,353.71,20.28,True,1.057,3,Facilities,Operations payroll line,19.0,0-30,North Carolina,45182.91,-1954751.8262000002
2025-04-01,Operations,expense,N/A,payroll,Payroll,Workday,E-202504-PA-024,295.72,282.23,13.49,True,1.048,3,Ops,Operations payroll line,14.0,0-30,South Carolina,45182.91,-1954751.8262000002
2025-04-01,Operations,expense,N/A,payroll,Payroll,Gusto,E-202504-PA-019,290.94,281.09,9.85,True,1.035,3,Ops,Operations payroll line,,,New Jersey,45182.91,-1954751.8262000002
2025-04-01,Operations,expense,N/A,payroll,Payroll,Workday,E-202504-PA-027,286.64,265.92,20.72,True,1.078,3,Ops,Operations payroll line,,,South Carolina,45182.91,-1954751.8262000002
2025-04-01,Operations,expense,N/A,payroll,Payroll,Workday,E-202504-PA-030,265.36,260.18,5.18,True,1.02,3,Facilities,Operations payroll line,,,Nevada,45182.91,-1954751.8262000002
2025-04-01,Operations,expense,N/A,payroll,Payroll,Rippling,E-202504-PA-065,249.4,227.76,21.64,True,1.095,3,Ops,Operations payroll line,,,New York,45182.91,-1954751.8262000002
2025-04-01,Operations,expense,N/A,payroll,Payroll,Rippling,E-202504-PA-050,241.22,238.31,2.91,True,1.012,3,Ops,Operations payroll line,,,Kentucky,45182.91,-1954751.8262000002
2025-04-01,Operations,expense,N/A,payroll,Payroll,Rippling,E-202504-PA-062,239.03,223.59,15.44,True,1.069,3,Ops,Operations payroll line,23.0,0-30,Oregon,45182.91,-1954751.8262000002
2025-04-01,Operations,expense,N/A,payroll,Payroll,Rippling,E-202504-PA-029,203.75,198.47,5.28,True,1.027,3,Logistics,Operations payroll line,,,Vermont,45182.91,-1954751.8262000002
2025-04-01,Operations,expense,N/A,payroll,Payroll,Workday,E-202504-PA-021,202.92,188.05,14.87,True,1.079,3,Facilities,Operations payroll line,30.0,0-30,Tennessee,45182.91,-1954751.8262000002
2025-04-01,Operations,expense,N/A,payroll,Payroll,Rippling,E-202504-PA-020,184.73,171.25,13.48,True,1.079,3,Logistics,Operations payroll line,21.0,0-30,Indiana,45182.91,-1954751.8262000002
2025-04-01,Operations,expense,N/A,payroll,Payroll,Rippling,E-202504-PA-014,175.5,171.45,4.05,True,1.024,3,Facilities,Operations payroll line,,,North Carolina,45182.91,-1954751.8262000002
2025-04-01,Operations,expense,N/A,payroll,Payroll,Gusto,E-202504-PA-052,173.86,160.45,13.41,True,1.084,3,Logistics,Operations payroll line,23.0,0-30,Florida,45182.91,-1954751.8262000002
2025-04-01,Operations,expense,N/A,payroll,Payroll,Rippling,E-202504-PA-008,168.94,165.14,3.8,True,1.023,3,Logistics,Operations payroll line,38.0,31-60,Delaware,45182.91,-1954751.8262000002
2025-04-01,Operations,expense,N/A,payroll,Payroll,Rippling,E-202504-PA-053,158.27,149.65,8.62,True,1.058,3,Ops,Operations payroll line,,,Arizona,45182.91,-1954751.8262000002
2025-04-01,Operations,expense,N/A,payroll,Payroll,Gusto,E-202504-PA-025,154.18,144.41,9.77,True,1.068,3,Ops,Operations payroll line,26.0,0-30,Texas,45182.91,-1954751.8262000002
2025-04-01,Operations,expense,N/A,payroll,Payroll,Workday,E-202504-PA-045,154.07,144.94,9.13,True,1.063,3,Facilities,Operations payroll line,8.0,0-30,New York,45182.91,-1954751.8262000002
2025-04-01,Operations,expense,N/A,payroll,Payroll,Rippling,E-202504-PA-032,148.52,147.05,1.47,True,1.01,3,Logistics,Operations payroll line,0.0,0-30,Massachusetts,45182.91,-1954751.8262000002
2025-04-01,Operations,expense,N/A,payroll,Payroll,Gusto,E-202504-PA-031,146.14,134.56,11.58,True,1.086,3,Ops,Operations payroll line,22.0,0-30,Minnesota,45182.91,-1954751.8262000002
2025-04-01,Operations,expense,N/A,payroll,Payroll,Gusto,E-202504-PA-043,134.91,131.01,3.9,True,1.03,3,Ops,Operations payroll line,19.0,0-30,New York,45182.91,-1954751.8262000002
2025-04-01,Operations,expense,N/A,payroll,Payroll,Gusto,E-202504-PA-034,133.39,129.26,4.13,True,1.032,3,Logistics,Operations payroll line,24.0,0-30,Utah,45182.91,-1954751.8262000002
2025-04-01,Operations,expense,N/A,payroll,Payroll,Workday,E-202504-PA-012,132.03,124.65,7.38,True,1.059,3,Facilities,Operations payroll line,,,New Jersey,45182.91,-1954751.8262000002
2025-04-01,Operations,expense,N/A,payroll,Payroll,Workday,E-202504-PA-042,122.77,116.17,6.6,True,1.057,3,Logistics,Operations payroll line,32.0,31-60,Tennessee,45182.91,-1954751.8262000002
2025-04-01,Operations,expense,N/A,payroll,Payroll,Workday,E-202504-PA-051,116.76,112.5,4.26,True,1.038,3,Facilities,Operations payroll line,13.0,0-30,Utah,45182.91,-1954751.8262000002
2025-04-01,Operations,expense,N/A,payroll,Payroll,Gusto,E-202504-PA-016,99.22,94.96,4.26,True,1.045,3,Facilities,Operations payroll line,,,Texas,45182.91,-1954751.8262000002
2025-04-01,Operations,expense,N/A,payroll,Payroll,Gusto,E-202504-PA-028,97.94,96.97,0.97,True,1.01,3,Facilities,Operations payroll line,,,Rhode Island,45182.91,-1954751.8262000002
2025-04-01,Operations,expense,N/A,payroll,Payroll,Rippling,E-202504-PA-023,76.17,74.29,1.88,True,1.025,3,Logistics,Operations payroll line,,,California,45182.91,-1954751.8262000002
2025-04-01,Operations,expense,N/A,payroll,Payroll,Rippling,E-202504-PA-047,73.35,69.84,3.51,True,1.05,3,Ops,Operations payroll line,,,Ohio,45182.91,-1954751.8262000002
2025-04-01,Operations,expense,N/A,payroll,Payroll,Rippling,E-202504-PA-044,66.61,64.74,1.87,True,1.029,3,Ops,Operations payroll line,,,Michigan,45182.91,-1954751.8262000002
2025-04-01,Operations,expense,N/A,payroll,Payroll,Gusto,E-202504-PA-010,65.59,62.84,2.75,True,1.044,3,Ops,Operations payroll line,20.0,0-30,Georgia,45182.91,-1954751.8262000002
2025-04-01,Operations,expense,N/A,payroll,Payroll,Workday,E-202504-PA-054,59.98,57.29,2.69,True,1.047,3,Ops,Operations payroll line,,,New Mexico,45182.91,-1954751.8262000002
2025-04-01,Operations,expense,N/A,payroll,Payroll,Rippling,E-202504-PA-011,40.58,40.18,0.4,True,1.01,3,Ops,Operations payroll line,,,Ohio,45182.91,-1954751.8262000002
2025-04-01,Operations,expense,N/A,payroll,Payroll,Gusto,E-202504-PA-022,33.23,31.29,1.94,True,1.062,3,Facilities,Operations payroll line,,,Tennessee,45182.91,-1954751.8262000002
2025-04-01,Operations,expense,N/A,payroll,Payroll,Workday,E-202504-PA-003,32.77,29.95,2.82,True,1.094,3,Logistics,Operations payroll line,,,California,45182.91,-1954751.8262000002
2025-04-01,Operations,expense,N/A,payroll,Payroll,Rippling,E-202504-PA-038,31.1,29.4,1.7,True,1.058,3,Logistics,Operations payroll line,,,Virginia,45182.91,-1954751.8262000002
2025-04-01,Operations,expense,N/A,payroll,Payroll,Rippling,E-202504-PA-005,30.73,29.32,1.41,True,1.048,3,Facilities,Operations payroll line,,,Maryland,45182.91,-1954751.8262000002
2025-04-01,Operations,expense,N/A,payroll,Payroll,Workday,E-202504-PA-063,19.87,18.38,1.49,True,1.081,3,Facilities,Operations payroll line,,,Idaho,45182.91,-1954751.8262000002
2025-04-01,Operations,expense,N/A,payroll,Payroll,Gusto,E-202504-PA-046,8.92,8.6,0.32,True,1.037,3,Ops,Operations payroll line,19.0,0-30,Washington,45182.91,-1954751.8262000002
2025-04-01,Operations,expense,N/A,software,Software,GCP,E-202504-SO-098,227.75,218.35,9.4,True,1.043,3,N/A,Operations software line,,,New Jersey,45182.91,-1954751.8262000002
2025-04-01,Operations,expense,N/A,software,Software,Figma,E-202504-SO-058,180.68,165.38,15.3,True,1.093,3,N/A,Operations software line,,,Colorado,45182.91,-1954751.8262000002
2025-04-01,Operations,expense,N/A,software,Software,GitHub,E-202504-SO-016,175.88,168.55,7.33,True,1.044,3,N/A,Operations software line,7.0,0-30,Maryland,45182.91,-1954751.8262000002
2025-04-01,Operations,expense,N/A,software,Software,GCP,E-202504-SO-125,157.87,155.58,2.29,True,1.015,3,N/A,Operations software line,,,Michigan,45182.91,-1954751.8262000002
2025-04-01,Operations,expense,N/A,software,Software,Salesforce,E-202504-SO-096,157.4,150.39,7.01,True,1.047,3,N/A,Operations software line,31.0,31-60,Texas,45182.91,-1954751.8262000002
2025-04-01,Operations,expense,N/A,software,Software,Azure,E-202504-SO-018,156.46,145.18,11.28,True,1.078,3,N/A,Operations software line,23.0,0-30,Texas,45182.91,-1954751.8262000002
2025-04-01,Operations,expense,N/A,software,Software,Azure,E-202504-SO-072,145.49,136.39,9.1,True,1.067,3,N/A,Operations software line,,,Georgia,45182.91,-1954751.8262000002
2025-04-01,Operations,expense,N/A,software,Software,Datadog,E-202504-SO-113,137.17,129.09,8.08,True,1.063,3,N/A,Operations software line,10.0,0-30,Wisconsin,45182.91,-1954751.8262000002
2025-04-01,Operations,expense,N/A,software,Software,AWS,E-202504-SO-046,132.59,124.35,8.24,True,1.066,3,N/A,Operations software line,4.0,0-30,Nevada,45182.91,-1954751.8262000002
2025-04-01,Operations,expense,N/A,software,Software,Datadog,E-202504-SO-014,127.65,117.23,10.42,True,1.089,3,N/A,Operations software line,,,Ohio,45182.91,-1954751.8262000002
2025-04-01,Operations,expense,N/A,software,Software,Salesforce,E-202504-SO-105,124.92,117.96,6.96,True,1.059,3,N/A,Operations software line,,,California,45182.91,-1954751.8262000002
2025-04-01,Operations,expense,N/A,software,Software,Azure,E-202504-SO-045,124.58,119.12,5.46,True,1.046,3,N/A,Operations software line,,,North Carolina,45182.91,-1954751.8262000002
2025-04-01,Operations,expense,N/A,software,Software,Salesforce,E-202504-SO-051,122.05,118.8,3.25,True,1.027,3,N/A,Operations software line,54.0,31-60,California,45182.91,-1954751.8262000002
2025-04-01,Operations,expense,N/A,software,Software,Atlassian,E-202504-SO-021,119.22,113.99,5.23,True,1.046,3,N/A,Operations software line,39.0,31-60,Texas,45182.91,-1954751.8262000002
2025-04-01,Operations,expense,N/A,software,Software,GCP,E-202504-SO-107,112.5,104.43,8.07,True,1.077,3,N/A,Operations software line,28.0,0-30,California,45182.91,-1954751.8262000002
2025-04-01,Operations,expense,N/A,software,Software,Datadog,E-202504-SO-068,109.1,100.47,8.63,True,1.086,3,N/A,Operations software line,,,Hawaii,45182.91,-1954751.8262000002
2025-04-01,Operations,expense,N/A,software,Software,GitHub,E-202504-SO-034,107.95,101.75,6.2,True,1.061,3,N/A,Operations software line,13.0,0-30,Colorado,45182.91,-1954751.8262000002
2025-04-01,Operations,expense,N/A,software,Software,Figma,E-202504-SO-112,104.41,98.92,5.49,True,1.055,3,N/A,Operations software line,37.0,31-60,California,45182.91,-1954751.8262000002
2025-04-01,Operations,expense,N/A,software,Software,GCP,E-202504-SO-062,101.48,99.69,1.79,True,1.018,3,N/A,Operations software line,,,Washington,45182.91,-1954751.8262000002
2025-04-01,Operations,expense,N/A,software,Software,Datadog,E-202504-SO-104,98.91,94.23,4.68,True,1.05,3,N/A,Operations software line,,,Tennessee,45182.91,-1954751.8262000002
2025-04-01,Operations,expense,N/A,software,Software,Snowflake,E-202504-SO-101,95.57,93.51,2.06,True,1.022,3,N/A,Operations software line,33.0,31-60,Kansas,45182.91,-1954751.8262000002
2025-04-01,Operations,expense,N/A,software,Software,Atlassian,E-202504-SO-093,94.88,89.28,5.6,True,1.063,3,N/A,Operations software line,10.0,0-30,Kansas,45182.91,-1954751.8262000002
2025-04-01,Operations,expense,N/A,software,Software,Snowflake,E-202504-SO-029,91.26,84.76,6.5,True,1.077,3,N/A,Operations software line,,,Washington,45182.91,-1954751.8262000002
2025-04-01,Operations,expense,N/A,software,Software,Figma,E-202504-SO-076,90.8,88.95,1.85,True,1.021,3,N/A,Operations software line,,,Hawaii,45182.91,-1954751.8262000002
2025-04-01,Operations,expense,N/A,software,Software,Azure,E-202504-SO-117,90.8,89.9,0.9,True,1.01,3,N/A,Operations software line,,,New York,45182.91,-1954751.8262000002
2025-04-01,Operations,expense,N/A,software,Software,Snowflake,E-202504-SO-074,86.0,85.15,0.85,True,1.01,3,N/A,Operations software line,47.0,31-60,New York,45182.91,-1954751.8262000002
2025-04-01,Operations,expense,N/A,software,Software,Datadog,E-202504-SO-005,81.11,75.84,5.27,True,1.07,3,N/A,Operations software line,36.0,31-60,Connecticut,45182.91,-1954751.8262000002
2025-04-01,Operations,expense,N/A,software,Software,Figma,E-202504-SO-013,80.96,76.21,4.75,True,1.062,3,N/A,Operations software line,54.0,31-60,New York,45182.91,-1954751.8262000002
2025-04-01,Operations,expense,N/A,software,Software,GitHub,E-202504-SO-088,78.13,74.96,3.17,True,1.042,3,N/A,Operations software line,32.0,31-60,Mississippi,45182.91,-1954751.8262000002
2025-04-01,Operations,expense,N/A,software,Software,Datadog,E-202504-SO-095,74.24,70.82,3.42,True,1.048,3,N/A,Operations software line,3.0,0-30,Texas,45182.91,-1954751.8262000002
2025-04-01,Operations,expense,N/A,software,Software,Figma,E-202504-SO-040,72.73,65.67,7.06,True,1.108,3,N/A,Operations software line,33.0,31-60,Utah,45182.91,-1954751.8262000002
2025-04-01,Operations,expense,N/A,software,Software,AWS,E-202504-SO-001,72.64,67.09,5.55,True,1.083,3,N/A,Operations software line,,,Illinois,45182.91,-1954751.8262000002
2025-04-01,Operations,expense,N/A,software,Software,Datadog,E-202504-SO-086,72.23,71.51,0.72,True,1.01,3,N/A,Operations software line,,,California,45182.91,-1954751.8262000002
2025-04-01,Operations,expense,N/A,software,Software,GCP,E-202504-SO-089,71.49,68.89,2.6,True,1.038,3,N/A,Operations software line,33.0,31-60,California,45182.91,-1954751.8262000002
2025-04-01,Operations,expense,N/A,software,Software,Figma,E-202504-SO-049,71.18,64.37,6.81,True,1.106,3,N/A,Operations software line,,,California,45182.91,-1954751.8262000002
2025-04-01,Operations,expense,N/A,software,Software,Salesforce,E-202504-SO-024,69.18,67.17,2.01,True,1.03,3,N/A,Operations software line,,,Virginia,45182.91,-1954751.8262000002
2025-04-01,Operations,expense,N/A,software,Software,Snowflake,E-202504-SO-083,69.02,65.47,3.55,True,1.054,3,N/A,Operations software line,,,Maine,45182.91,-1954751.8262000002
2025-04-01,Operations,expense,N/A,software,Software,Azure,E-202504-SO-036,68.65,63.59,5.06,True,1.08,3,N/A,Operations software line,,,Tennessee,45182.91,-1954751.8262000002
2025-04-01,Operations,expense,N/A,software,Software,Atlassian,E-202504-SO-111,67.42,64.47,2.95,True,1.046,3,N/A,Operations software line,,,Washington,45182.91,-1954751.8262000002
2025-04-01,Operations,expense,N/A,software,Software,Atlassian,E-202504-SO-084,60.49,54.87,5.62,True,1.102,3,N/A,Operations software line,,,Michigan,45182.91,-1954751.8262000002
2025-04-01,Operations,expense,N/A,software,Software,Salesforce,E-202504-SO-042,59.27,56.64,2.63,True,1.046,3,N/A,Operations software line,28.0,0-30,Georgia,45182.91,-1954751.8262000002
2025-04-01,Operations,expense,N/A,software,Software,Azure,E-202504-SO-063,58.12,56.26,1.86,True,1.033,3,N/A,Operations software line,7.0,0-30,Washington,45182.91,-1954751.8262000002
2025-04-01,Operations,expense,N/A,software,Software,Azure,E-202504-SO-054,57.99,54.89,3.1,True,1.057,3,N/A,Operations software line,19.0,0-30,Florida,45182.91,-1954751.8262000002
2025-04-01,Operations,expense,N/A,software,Software,Atlassian,E-202504-SO-039,57.42,53.77,3.65,True,1.068,3,N/A,Operations software line,,,Tennessee,45182.91,-1954751.8262000002
2025-04-01,Operations,expense,N/A,software,Software,GitHub,E-202504-SO-052,56.58,55.17,1.41,True,1.026,3,N/A,Operations software line,,,California,45182.91,-1954751.8262000002
2025-04-01,Operations,expense,N/A,software,Software,GCP,E-202504-SO-044,56.45,54.63,1.82,True,1.033,3,N/A,Operations software line,,,Delaware,45182.91,-1954751.8262000002
2025-04-01,Operations,expense,N/A,software,Software,GitHub,E-202504-SO-115,52.2,51.68,0.52,True,1.01,3,N/A,Operations software line,35.0,31-60,Washington,45182.91,-1954751.8262000002
2025-04-01,Operations,expense,N/A,software,Software,GitHub,E-202504-SO-025,51.17,48.71,2.46,True,1.05,3,N/A,Operations software line,0.0,0-30,Tennessee,45182.91,-1954751.8262000002
2025-04-01,Operations,expense,N/A,software,Software,GCP,E-202504-SO-080,49.87,45.03,4.84,True,1.108,3,N/A,Operations software line,,,Texas,45182.91,-1954751.8262000002
2025-04-01,Operations,expense,N/A,software,Software,Atlassian,E-202504-SO-003,49.7,47.79,1.91,True,1.04,3,N/A,Operations software line,,,Washington,45182.91,-1954751.8262000002
2025-04-01,Operations,expense,N/A,software,Software,Datadog,E-202504-SO-041,49.08,48.59,0.49,True,1.01,3,N/A,Operations software line,0.0,0-30,Texas,45182.91,-1954751.8262000002
2025-04-01,Operations,expense,N/A,software,Software,Azure,E-202504-SO-108,48.67,46.57,2.1,True,1.045,3,N/A,Operations software line,,,California,45182.91,-1954751.8262000002
2025-04-01,Operations,expense,N/A,software,Software,GCP,E-202504-SO-071,47.69,45.84,1.85,True,1.04,3,N/A,Operations software line,,,California,45182.91,-1954751.8262000002
2025-04-01,Operations,expense,N/A,software,Software,GitHub,E-202504-SO-043,47.27,46.32,0.95,True,1.021,3,N/A,Operations software line,,,Utah,45182.91,-1954751.8262000002
2025-04-01,Operations,expense,N/A,software,Software,Figma,E-202504-SO-085,47.08,43.44,3.64,True,1.084,3,N/A,Operations software line,1.0,0-30,South Carolina,45182.91,-1954751.8262000002
2025-04-01,Operations,expense,N/A,software,Software,AWS,E-202504-SO-082,44.74,42.66,2.08,True,1.049,3,N/A,Operations software line,,,Pennsylvania,45182.91,-1954751.8262000002
2025-04-01,Operations,expense,N/A,software,Software,GitHub,E-202504-SO-106,42.73,39.35,3.38,True,1.086,3,N/A,Operations software line,,,New York,45182.91,-1954751.8262000002
2025-04-01,Operations,expense,N/A,software,Software,Atlassian,E-202504-SO-075,41.78,39.44,2.34,True,1.059,3,N/A,Operations software line,,,California,45182.91,-1954751.8262000002
2025-04-01,Operations,expense,N/A,software,Software,Datadog,E-202504-SO-050,40.77,39.89,0.88,True,1.022,3,N/A,Operations software line,,,Alabama,45182.91,-1954751.8262000002
2025-04-01,Operations,expense,N/A,software,Software,GitHub,E-202504-SO-007,40.09,39.55,0.54,True,1.014,3,N/A,Operations software line,,,Colorado,45182.91,-1954751.8262000002
2025-04-01,Operations,expense,N/A,software,Software,Figma,E-202504-SO-031,39.43,38.37,1.06,True,1.028,3,N/A,Operations software line,,,Texas,45182.91,-1954751.8262000002
2025-04-01,Operations,expense,N/A,software,Software,Azure,E-202504-SO-009,39.23,38.68,0.55,True,1.014,3,N/A,Operations software line,,,Georgia,45182.91,-1954751.8262000002
2025-04-01,Operations,expense,N/A,software,Software,AWS,E-202504-SO-028,39.01,38.62,0.39,True,1.01,3,N/A,Operations software line,,,California,45182.91,-1954751.8262000002
2025-04-01,Operations,expense,N/A,software,Software,Snowflake,E-202504-SO-092,37.21,35.07,2.14,True,1.061,3,N/A,Operations software line,27.0,0-30,Louisiana,45182.91,-1954751.8262000002
2025-04-01,Operations,expense,N/A,software,Software,GitHub,E-202504-SO-070,36.07,32.22,3.85,True,1.119,3,N/A,Operations software line,19.0,0-30,Michigan,45182.91,-1954751.8262000002
2025-04-01,Operations,expense,N/A,software,Software,Snowflake,E-202504-SO-047,35.14,33.63,1.51,True,1.045,3,N/A,Operations software line,,,Texas,45182.91,-1954751.8262000002
2025-04-01,Operations,expense,N/A,software,Software,Snowflake,E-202504-SO-020,34.67,32.9,1.77,True,1.054,3,N/A,Operations software line,,,California,45182.91,-1954751.8262000002
2025-04-01,Operations,expense,N/A,software,Software,Atlassian,E-202504-SO-102,33.27,31.61,1.66,True,1.053,3,N/A,Operations software line,27.0,0-30,Missouri,45182.91,-1954751.8262000002
2025-04-01,Operations,expense,N/A,software,Software,Azure,E-202504-SO-081,31.93,31.26,0.67,True,1.022,3,N/A,Operations software line,,,Texas,45182.91,-1954751.8262000002
2025-04-01,Operations,expense,N/A,software,Software,Snowflake,E-202504-SO-011,31.42,29.81,1.61,True,1.054,3,N/A,Operations software line,,,Virginia,45182.91,-1954751.8262000002
2025-04-01,Operations,expense,N/A,software,Software,AWS,E-202504-SO-055,30.83,30.35,0.48,True,1.016,3,N/A,Operations software line,,,Montana,45182.91,-1954751.8262000002
2025-04-01,Operations,expense,N/A,software,Software,Figma,E-202504-SO-103,29.49,29.09,0.4,True,1.014,3,N/A,Operations software line,18.0,0-30,Washington,45182.91,-1954751.8262000002
2025-04-01,Operations,expense,N/A,software,Software,Salesforce,E-202504-SO-015,28.48,27.38,1.1,True,1.04,3,N/A,Operations software line,12.0,0-30,California,45182.91,-1954751.8262000002
2025-04-01,Operations,expense,N/A,software,Software,GCP,E-202504-SO-035,27.95,25.83,2.12,True,1.082,3,N/A,Operations software line,,,Minnesota,45182.91,-1954751.8262000002
2025-04-01,Operations,expense,N/A,software,Software,GCP,E-202504-SO-116,27.84,27.16,0.68,True,1.025,3,N/A,Operations software line,,,Mississippi,45182.91,-1954751.8262000002
2025-04-01,Operations,expense,N/A,software,Software,Salesforce,E-202504-SO-123,26.81,25.29,1.52,True,1.06,3,N/A,Operations software line,,,Washington,45182.91,-1954751.8262000002
2025-04-01,Operations,expense,N/A,software,Software,GCP,E-202504-SO-008,26.11,24.57,1.54,True,1.063,3,N/A,Operations software line,42.0,31-60,Ohio,45182.91,-1954751.8262000002
2025-04-01,Operations,expense,N/A,software,Software,AWS,E-202504-SO-109,25.35,23.8,1.55,True,1.065,3,N/A,Operations software line,,,Virginia,45182.91,-1954751.8262000002
2025-04-01,Operations,expense,N/A,software,Software,AWS,E-202504-SO-010,25.24,23.84,1.4,True,1.059,3,N/A,Operations software line,23.0,0-30,Washington,45182.91,-1954751.8262000002
2025-04-01,Operations,expense,N/A,software,Software,Azure,E-202504-SO-027,23.6,23.37,0.23,True,1.01,3,N/A,Operations software line,,,Georgia,45182.91,-1954751.8262000002
2025-04-01,Operations,expense,N/A,software,Software,Salesforce,E-202504-SO-006,23.24,22.91,0.33,True,1.014,3,N/A,Operations software line,31.0,31-60,North Carolina,45182.91,-1954751.8262000002
2025-04-01,Operations,expense,N/A,software,Software,GitHub,E-202504-SO-061,22.66,22.44,0.22,True,1.01,3,N/A,Operations software line,,,New York,45182.91,-1954751.8262000002
2025-04-01,Operations,expense,N/A,software,Software,Atlassian,E-202504-SO-066,22.07,20.58,1.49,True,1.073,3,N/A,Operations software line,,,New Jersey,45182.91,-1954751.8262000002
2025-04-01,Operations,expense,N/A,software,Software,Datadog,E-202504-SO-122,21.56,20.99,0.57,True,1.027,3,N/A,Operations software line,,,Connecticut,45182.91,-1954751.8262000002
2025-04-01,Operations,expense,N/A,software,Software,Datadog,E-202504-SO-059,21.34,21.13,0.21,True,1.01,3,N/A,Operations software line,28.0,0-30,New York,45182.91,-1954751.8262000002
2025-04-01,Operations,expense,N/A,software,Software,Atlassian,E-202504-SO-120,20.49,19.09,1.4,True,1.073,3,N/A,Operations software line,,,New York,45182.91,-1954751.8262000002
2025-04-01,Operations,expense,N/A,software,Software,Azure,E-202504-SO-090,20.01,18.7,1.31,True,1.07,3,N/A,Operations software line,11.0,0-30,Ohio,45182.91,-1954751.8262000002
2025-04-01,Operations,expense,N/A,software,Software,AWS,E-202504-SO-019,19.99,18.81,1.18,True,1.063,3,N/A,Operations software line,,,California,45182.91,-1954751.8262000002
2025-04-01,Operations,expense,N/A,software,Software,GitHub,E-202504-SO-097,19.71,19.51,0.2,True,1.01,3,N/A,Operations software line,,,Washington,45182.91,-1954751.8262000002
2025-04-01,Operations,expense,N/A,software,Software,Datadog,E-202504-SO-032,18.06,17.36,0.7,True,1.04,3,N/A,Operations software line,,,California,45182.91,-1954751.8262000002
2025-04-01,Operations,expense,N/A,software,Software,Atlassian,E-202504-SO-030,17.8,16.71,1.09,True,1.065,3,N/A,Operations software line,,,Georgia,45182.91,-1954751.8262000002
2025-04-01,Operations,expense,N/A,software,Software,Figma,E-202504-SO-094,17.8,16.67,1.13,True,1.068,3,N/A,Operations software line,25.0,0-30,Colorado,45182.91,-1954751.8262000002
2025-04-01,Operations,expense,N/A,software,Software,Datadog,E-202504-SO-077,17.58,17.41,0.17,True,1.01,3,N/A,Operations software line,,,Arizona,45182.91,-1954751.8262000002
2025-04-01,Operations,expense,N/A,software,Software,AWS,E-202504-SO-037,16.53,15.1,1.43,True,1.095,3,N/A,Operations software line,3.0,0-30,Arizona,45182.91,-1954751.8262000002
2025-04-01,Operations,expense,N/A,software,Software,Salesforce,E-202504-SO-078,16.07,15.24,0.83,True,1.055,3,N/A,Operations software line,,,Wisconsin,45182.91,-1954751.8262000002
2025-04-01,Operations,expense,N/A,software,Software,Salesforce,E-202504-SO-114,16.01,14.66,1.35,True,1.092,3,N/A,Operations software line,,,South Carolina,45182.91,-1954751.8262000002
2025-04-01,Operations,expense,N/A,software,Software,Salesforce,E-202504-SO-033,15.25,14.68,0.57,True,1.039,3,N/A,Operations software line,,,New York,45182.91,-1954751.8262000002
2025-04-01,Operations,expense,N/A,software,Software,Atlassian,E-202504-SO-057,15.14,14.63,0.51,True,1.035,3,N/A,Operations software line,25.0,0-30,Massachusetts,45182.91,-1954751.8262000002
2025-04-01,Operations,expense,N/A,software,Software,AWS,E-202504-SO-073,13.91,13.26,0.65,True,1.049,3,N/A,Operations software line,17.0,0-30,Indiana,45182.91,-1954751.8262000002
2025-04-01,Operations,expense,N/A,software,Software,Figma,E-202504-SO-004,13.56,12.55,1.01,True,1.08,3,N/A,Operations software line,49.0,31-60,California,45182.91,-1954751.8262000002
2025-04-01,Operations,expense,N/A,software,Software,GCP,E-202504-SO-026,13.37,12.68,0.69,True,1.055,3,N/A,Operations software line,21.0,0-30,Virginia,45182.91,-1954751.8262000002
2025-04-01,Operations,expense,N/A,software,Software,Snowflake,E-202504-SO-110,13.29,13.06,0.23,True,1.018,3,N/A,Operations software line,,,Louisiana,45182.91,-1954751.8262000002
2025-04-01,Operations,expense,N/A,software,Software,Salesforce,E-202504-SO-060,12.93,12.61,0.32,True,1.025,3,N/A,Operations software line,11.0,0-30,Michigan,45182.91,-1954751.8262000002
2025-04-01,Operations,expense,N/A,software,Software,GitHub,E-202504-SO-079,12.88,12.13,0.75,True,1.062,3,N/A,Operations software line,,,California,45182.91,-1954751.8262000002
2025-04-01,Operations,expense,N/A,software,Software,Snowflake,E-202504-SO-002,12.16,12.04,0.12,True,1.01,3,N/A,Operations software line,,,Illinois,45182.91,-1954751.8262000002
2025-04-01,Operations,expense,N/A,software,Software,AWS,E-202504-SO-091,11.83,11.31,0.52,True,1.046,3,N/A,Operations software line,,,Washington,45182.91,-1954751.8262000002
2025-04-01,Operations,expense,N/A,software,Software,AWS,E-202504-SO-118,11.7,10.6,1.1,True,1.103,3,N/A,Operations software line,,,Missouri,45182.91,-1954751.8262000002
2025-04-01,Operations,expense,N/A,software,Software,Datadog,E-202504-SO-023,10.29,9.76,0.53,True,1.054,3,N/A,Operations software line,30.0,0-30,Texas,45182.91,-1954751.8262000002
2025-04-01,Operations,expense,N/A,software,Software,AWS,E-202504-SO-064,9.46,8.88,0.58,True,1.066,3,N/A,Operations software line,17.0,0-30,New York,45182.91,-1954751.8262000002
2025-04-01,Operations,expense,N/A,software,Software,GCP,E-202504-SO-017,8.51,8.23,0.28,True,1.034,3,N/A,Operations software line,,,Missouri,45182.91,-1954751.8262000002
2025-04-01,Operations,expense,N/A,software,Software,Snowflake,E-202504-SO-038,8.25,7.69,0.56,True,1.073,3,N/A,Operations software line,36.0,31-60,Wisconsin,45182.91,-1954751.8262000002
2025-04-01,Operations,expense,N/A,software,Software,Figma,E-202504-SO-067,8.11,8.03,0.08,True,1.01,3,N/A,Operations software line,,,Louisiana,45182.91,-1954751.8262000002
2025-04-01,Operations,expense,N/A,software,Software,GCP,E-202504-SO-053,7.34,7.06,0.28,True,1.04,3,N/A,Operations software line,,,New Mexico,45182.91,-1954751.8262000002
2025-04-01,Operations,expense,N/A,software,Software,Figma,E-202504-SO-022,6.1,5.66,0.44,True,1.078,3,N/A,Operations software line,,,Texas,45182.91,-1954751.8262000002
2025-04-01,Operations,expense,N/A,software,Software,Snowflake,E-202504-SO-056,5.98,5.74,0.24,True,1.042,3,N/A,Operations software line,,,New Jersey,45182.91,-1954751.8262000002
2025-04-01,Operations,expense,N/A,software,Software,Salesforce,E-202504-SO-069,5.91,5.35,0.56,True,1.104,3,N/A,Operations software line,,,New Mexico,45182.91,-1954751.8262000002
2025-04-01,Operations,expense,N/A,software,Software,GitHub,E-202504-SO-124,5.64,5.36,0.28,True,1.053,3,N/A,Operations software line,,,California,45182.91,-1954751.8262000002
2025-04-01,Operations,expense,N/A,software,Software,Atlassian,E-202504-SO-048,4.54,4.38,0.16,True,1.037,3,N/A,Operations software line,,,California,45182.91,-1954751.8262000002
2025-04-01,Operations,expense,N/A,software,Software,Figma,E-202504-SO-121,3.56,3.44,0.12,True,1.036,3,N/A,Operations software line,,,Washington,45182.91,-1954751.8262000002
2025-04-01,Operations,expense,N/A,software,Software,Azure,E-202504-SO-099,3.24,3.15,0.09,True,1.028,3,N/A,Operations software line,,,Colorado,45182.91,-1954751.8262000002
2025-04-01,Operations,expense,N/A,software,Software,Snowflake,E-202504-SO-119,3.08,3.05,0.03,True,1.01,3,N/A,Operations software line,,,Louisiana,45182.91,-1954751.8262000002
2025-04-01,Operations,expense,N/A,software,Software,AWS,E-202504-SO-100,1.91,1.82,0.09,True,1.048,3,N/A,Operations software line,,,New York,45182.91,-1954751.8262000002
2025-04-01,Operations,expense,N/A,software,Software,Salesforce,E-202504-SO-087,1.76,1.74,0.02,True,1.012,3,N/A,Operations software line,,,Louisiana,45182.91,-1954751.8262000002
2025-04-01,Operations,expense,N/A,software,Software,Atlassian,E-202504-SO-012,1.49,1.38,0.11,True,1.076,3,N/A,Operations software line,,,Washington,45182.91,-1954751.8262000002
2025-04-01,Operations,expense,N/A,software,Software,Snowflake,E-202504-SO-065,0.43,0.41,0.02,True,1.054,3,N/A,Operations software line,40.0,31-60,Washington,45182.91,-1954751.8262000002
2025-04-01,Operations,expense,N/A,travel,Travel,Southwest,E-202504-TR-027,152.14,147.33,4.81,True,1.033,3,N/A,Operations travel line,16.0,0-30,North Carolina,45182.91,-1954751.8262000002
2025-04-01,Operations,expense,N/A,travel,Travel,Hilton,E-202504-TR-053,106.15,102.55,3.6,True,1.035,3,N/A,Operations travel line,,,Illinois,45182.91,-1954751.8262000002
2025-04-01,Operations,expense,N/A,travel,Travel,Hilton,E-202504-TR-021,99.25,92.14,7.11,True,1.077,3,N/A,Operations travel line,,,California,45182.91,-1954751.8262000002
2025-04-01,Operations,expense,N/A,travel,Travel,United,E-202504-TR-066,82.98,79.63,3.35,True,1.042,3,N/A,Operations travel line,,,Pennsylvania,45182.91,-1954751.8262000002
2025-04-01,Operations,expense,N/A,travel,Travel,Hilton,E-202504-TR-061,80.97,72.71,8.26,True,1.114,3,N/A,Operations travel line,,,Ohio,45182.91,-1954751.8262000002
2025-04-01,Operations,expense,N/A,travel,Travel,Amex,E-202504-TR-064,74.81,71.09,3.72,True,1.052,3,N/A,Operations travel line,,,Rhode Island,45182.91,-1954751.8262000002
2025-04-01,Operations,expense,N/A,travel,Travel,Marriott,E-202504-TR-004,72.85,68.38,4.47,True,1.065,3,N/A,Operations travel line,,,Oregon,45182.91,-1954751.8262000002
2025-04-01,Operations,expense,N/A,travel,Travel,Uber,E-202504-TR-071,63.34,60.53,2.81,True,1.046,3,N/A,Operations travel line,,,Maryland,45182.91,-1954751.8262000002
2025-04-01,Operations,expense,N/A,travel,Travel,Amex,E-202504-TR-080,58.54,57.74,0.8,True,1.014,3,N/A,Operations travel line,13.0,0-30,Rhode Island,45182.91,-1954751.8262000002
2025-04-01,Operations,expense,N/A,travel,Travel,Southwest,E-202504-TR-003,57.55,56.08,1.47,True,1.026,3,N/A,Operations travel line,,,Virginia,45182.91,-1954751.8262000002
2025-04-01,Operations,expense,N/A,travel,Travel,Southwest,E-202504-TR-019,56.38,53.91,2.47,True,1.046,3,N/A,Operations travel line,,,Minnesota,45182.91,-1954751.8262000002
2025-04-01,Operations,expense,N/A,travel,Travel,Lyft,E-202504-TR-022,53.85,49.95,3.9,True,1.078,3,N/A,Operations travel line,,,North Carolina,45182.91,-1954751.8262000002
2025-04-01,Operations,expense,N/A,travel,Travel,Delta,E-202504-TR-041,53.25,49.56,3.69,True,1.074,3,N/A,Operations travel line,,,Florida,45182.91,-1954751.8262000002
2025-04-01,Operations,expense,N/A,travel,Travel,Amex,E-202504-TR-040,51.65,46.12,5.53,True,1.12,3,N/A,Operations travel line,,,New York,45182.91,-1954751.8262000002
2025-04-01,Operations,expense,N/A,travel,Travel,Delta,E-202504-TR-033,51.43,48.16,3.27,True,1.068,3,N/A,Operations travel line,,,Oklahoma,45182.91,-1954751.8262000002
2025-04-01,Operations,expense,N/A,travel,Travel,United,E-202504-TR-034,48.09,46.4,1.69,True,1.036,3,N/A,Operations travel line,,,New Hampshire,45182.91,-1954751.8262000002
2025-04-01,Operations,expense,N/A,travel,Travel,Amex,E-202504-TR-032,48.07,47.35,0.72,True,1.015,3,N/A,Operations travel line,,,Indiana,45182.91,-1954751.8262000002
2025-04-01,Operations,expense,N/A,travel,Travel,Southwest,E-202504-TR-059,48.04,45.51,2.53,True,1.056,3,N/A,Operations travel line,,,Illinois,45182.91,-1954751.8262000002
2025-04-01,Operations,expense,N/A,travel,Travel,Hilton,E-202504-TR-013,45.85,44.42,1.43,True,1.032,3,N/A,Operations travel line,40.0,31-60,Maine,45182.91,-1954751.8262000002
2025-04-01,Operations,expense,N/A,travel,Travel,Uber,E-202504-TR-031,40.92,38.06,2.86,True,1.075,3,N/A,Operations travel line,40.0,31-60,North Carolina,45182.91,-1954751.8262000002
2025-04-01,Operations,expense,N/A,travel,Travel,Southwest,E-202504-TR-035,40.15,39.75,0.4,True,1.01,3,N/A,Operations travel line,,,California,45182.91,-1954751.8262000002
2025-04-01,Operations,expense,N/A,travel,Travel,Lyft,E-202504-TR-046,38.48,36.7,1.78,True,1.048,3,N/A,Operations travel line,,,Maine,45182.91,-1954751.8262000002
2025-04-01,Operations,expense,N/A,travel,Travel,Southwest,E-202504-TR-011,38.14,36.44,1.7,True,1.047,3,N/A,Operations travel line,0.0,0-30,Texas,45182.91,-1954751.8262000002
2025-04-01,Operations,expense,N/A,travel,Travel,Lyft,E-202504-TR-062,38.04,36.75,1.29,True,1.035,3,N/A,Operations travel line,,,Wisconsin,45182.91,-1954751.8262000002
2025-04-01,Operations,expense,N/A,travel,Travel,United,E-202504-TR-058,35.34,34.76,0.58,True,1.017,3,N/A,Operations travel line,,,Michigan,45182.91,-1954751.8262000002
2025-04-01,Operations,expense,N/A,travel,Travel,United,E-202504-TR-002,33.33,33.0,0.33,True,1.01,3,N/A,Operations travel line,,,Texas,45182.91,-1954751.8262000002
2025-04-01,Operations,expense,N/A,travel,Travel,Southwest,E-202504-TR-051,33.08,30.25,2.83,True,1.093,3,N/A,Operations travel line,50.0,31-60,New Jersey,45182.91,-1954751.8262000002
2025-04-01,Operations,expense,N/A,travel,Travel,Hilton,E-202504-TR-029,32.44,30.64,1.8,True,1.059,3,N/A,Operations travel line,,,Texas,45182.91,-1954751.8262000002
2025-04-01,Operations,expense,N/A,travel,Travel,Amex,E-202504-TR-048,31.02,29.34,1.68,True,1.057,3,N/A,Operations travel line,37.0,31-60,Illinois,45182.91,-1954751.8262000002
2025-04-01,Operations,expense,N/A,travel,Travel,Delta,E-202504-TR-081,30.23,28.67,1.56,True,1.054,3,N/A,Operations travel line,12.0,0-30,Maryland,45182.91,-1954751.8262000002
2025-04-01,Operations,expense,N/A,travel,Travel,United,E-202504-TR-042,29.48,27.91,1.57,True,1.056,3,N/A,Operations travel line,8.0,0-30,California,45182.91,-1954751.8262000002
2025-04-01,Operations,expense,N/A,travel,Travel,Marriott,E-202504-TR-044,28.74,27.2,1.54,True,1.057,3,N/A,Operations travel line,,,South Carolina,45182.91,-1954751.8262000002
2025-04-01,Operations,expense,N/A,travel,Travel,United,E-202504-TR-082,27.76,26.22,1.54,True,1.059,3,N/A,Operations travel line,26.0,0-30,Texas,45182.91,-1954751.8262000002
2025-04-01,Operations,expense,N/A,travel,Travel,Hilton,E-202504-TR-069,27.62,27.35,0.27,True,1.01,3,N/A,Operations travel line,,,Ohio,45182.91,-1954751.8262000002
2025-04-01,Operations,expense,N/A,travel,Travel,Uber,E-202504-TR-079,26.45,25.28,1.17,True,1.046,3,N/A,Operations travel line,,,Utah,45182.91,-1954751.8262000002
2025-04-01,Operations,expense,N/A,travel,Travel,Marriott,E-202504-TR-084,24.17,22.96,1.21,True,1.053,3,N/A,Operations travel line,,,Florida,45182.91,-1954751.8262000002
2025-04-01,Operations,expense,N/A,travel,Travel,Uber,E-202504-TR-015,23.81,23.57,0.24,True,1.01,3,N/A,Operations travel line,,,California,45182.91,-1954751.8262000002
2025-04-01,Operations,expense,N/A,travel,Travel,United,E-202504-TR-026,22.21,20.15,2.06,True,1.102,3,N/A,Operations travel line,,,South Carolina,45182.91,-1954751.8262000002
2025-04-01,Operations,expense,N/A,travel,Travel,Marriott,E-202504-TR-060,21.65,20.17,1.48,True,1.074,3,N/A,Operations travel line,,,New Jersey,45182.91,-1954751.8262000002
2025-04-01,Operations,expense,N/A,travel,Travel,Hilton,E-202504-TR-037,21.12,20.35,0.77,True,1.038,3,N/A,Operations travel line,0.0,0-30,Texas,45182.91,-1954751.8262000002
2025-04-01,Operations,expense,N/A,travel,Travel,Amex,E-202504-TR-008,20.3,19.53,0.77,True,1.039,3,N/A,Operations travel line,,,California,45182.91,-1954751.8262000002
2025-04-01,Operations,expense,N/A,travel,Travel,Hilton,E-202504-TR-085,19.77,18.54,1.23,True,1.066,3,N/A,Operations travel line,,,South Carolina,45182.91,-1954751.8262000002
2025-04-01,Operations,expense,N/A,travel,Travel,Delta,E-202504-TR-057,18.42,17.71,0.71,True,1.04,3,N/A,Operations travel line,,,Illinois,45182.91,-1954751.8262000002
2025-04-01,Operations,expense,N/A,travel,Travel,Lyft,E-202504-TR-054,17.69,16.54,1.15,True,1.07,3,N/A,Operations travel line,13.0,0-30,Georgia,45182.91,-1954751.8262000002
2025-04-01,Operations,expense,N/A,travel,Travel,Southwest,E-202504-TR-083,15.3,14.44,0.86,True,1.06,3,N/A,Operations travel line,,,Illinois,45182.91,-1954751.8262000002
2025-04-01,Operations,expense,N/A,travel,Travel,United,E-202504-TR-018,14.03,13.76,0.27,True,1.019,3,N/A,Operations travel line,,,New York,45182.91,-1954751.8262000002
2025-04-01,Operations,expense,N/A,travel,Travel,Delta,E-202504-TR-001,13.48,13.21,0.27,True,1.02,3,N/A,Operations travel line,,,Arkansas,45182.91,-1954751.8262000002
2025-04-01,Operations,expense,N/A,travel,Travel,Delta,E-202504-TR-049,12.89,12.07,0.82,True,1.068,3,N/A,Operations travel line,,,Georgia,45182.91,-1954751.8262000002
2025-04-01,Operations,expense,N/A,travel,Travel,Uber,E-202504-TR-039,12.02,11.16,0.86,True,1.077,3,N/A,Operations travel line,,,Wyoming,45182.91,-1954751.8262000002
2025-04-01,Operations,expense,N/A,travel,Travel,Marriott,E-202504-TR-068,11.61,11.11,0.5,True,1.045,3,N/A,Operations travel line,28.0,0-30,Georgia,45182.91,-1954751.8262000002
2025-04-01,Operations,expense,N/A,travel,Travel,United,E-202504-TR-090,11.43,11.32,0.11,True,1.01,3,N/A,Operations travel line,0.0,0-30,Alabama,45182.91,-1954751.8262000002
2025-04-01,Operations,expense,N/A,travel,Travel,Amex,E-202504-TR-072,11.39,10.25,1.14,True,1.112,3,N/A,Operations travel line,,,Kentucky,45182.91,-1954751.8262000002
2025-04-01,Operations,expense,N/A,travel,Travel,United,E-202504-TR-010,10.89,10.78,0.11,True,1.01,3,N/A,Operations travel line,17.0,0-30,Pennsylvania,45182.91,-1954751.8262000002
2025-04-01,Operations,expense,N/A,travel,Travel,Lyft,E-202504-TR-038,10.64,10.53,0.11,True,1.01,3,N/A,Operations travel line,26.0,0-30,Alabama,45182.91,-1954751.8262000002
2025-04-01,Operations,expense,N/A,travel,Travel,Delta,E-202504-TR-065,10.45,9.88,0.57,True,1.058,3,N/A,Operations travel line,,,Utah,45182.91,-1954751.8262000002
2025-04-01,Operations,expense,N/A,travel,Travel,Lyft,E-202504-TR-078,9.48,9.33,0.15,True,1.016,3,N/A,Operations travel line,,,Minnesota,45182.91,-1954751.8262000002
2025-04-01,Operations,expense,N/A,travel,Travel,Hilton,E-202504-TR-077,9.08,8.27,0.81,True,1.097,3,N/A,Operations travel line,,,Louisiana,45182.91,-1954751.8262000002
2025-04-01,Operations,expense,N/A,travel,Travel,Uber,E-202504-TR-055,8.71,8.17,0.54,True,1.066,3,N/A,Operations travel line,,,Connecticut,45182.91,-1954751.8262000002
2025-04-01,Operations,expense,N/A,travel,Travel,Hilton,E-202504-TR-005,8.24,7.47,0.77,True,1.103,3,N/A,Operations travel line,,,California,45182.91,-1954751.8262000002
2025-04-01,Operations,expense,N/A,travel,Travel,Southwest,E-202504-TR-067,8.23,8.09,0.14,True,1.017,3,N/A,Operations travel line,,,Arizona,45182.91,-1954751.8262000002
2025-04-01,Operations,expense,N/A,travel,Travel,Delta,E-202504-TR-017,8.2,7.61,0.59,True,1.078,3,N/A,Operations travel line,,,Minnesota,45182.91,-1954751.8262000002
2025-04-01,Operations,expense,N/A,travel,Travel,Uber,E-202504-TR-007,8.07,7.61,0.46,True,1.061,3,N/A,Operations travel line,30.0,0-30,Kansas,45182.91,-1954751.8262000002
2025-04-01,Operations,expense,N/A,travel,Travel,Marriott,E-202504-TR-028,8.02,7.66,0.36,True,1.048,3,N/A,Operations travel line,,,North Carolina,45182.91,-1954751.8262000002
2025-04-01,Operations,expense,N/A,travel,Travel,Delta,E-202504-TR-009,7.5,7.06,0.44,True,1.062,3,N/A,Operations travel line,11.0,0-30,Utah,45182.91,-1954751.8262000002
2025-04-01,Operations,expense,N/A,travel,Travel,Hilton,E-202504-TR-045,7.33,7.01,0.32,True,1.046,3,N/A,Operations travel line,,,South Carolina,45182.91,-1954751.8262000002
2025-04-01,Operations,expense,N/A,travel,Travel,Delta,E-202504-TR-073,6.45,6.37,0.08,True,1.012,3,N/A,Operations travel line,,,California,45182.91,-1954751.8262000002
2025-04-01,Operations,expense,N/A,travel,Travel,Uber,E-202504-TR-087,6.39,5.93,0.46,True,1.078,3,N/A,Operations travel line,0.0,0-30,Idaho,45182.91,-1954751.8262000002
2025-04-01,Operations,expense,N/A,travel,Travel,Southwest,E-202504-TR-043,6.28,5.75,0.53,True,1.092,3,N/A,Operations travel line,7.0,0-30,New Jersey,45182.91,-1954751.8262000002
2025-04-01,Operations,expense,N/A,travel,Travel,Amex,E-202504-TR-088,6.1,5.74,0.36,True,1.063,3,N/A,Operations travel line,21.0,0-30,Maryland,45182.91,-1954751.8262000002
2025-04-01,Operations,expense,N/A,travel,Travel,Marriott,E-202504-TR-020,5.71,5.51,0.2,True,1.036,3,N/A,Operations travel line,8.0,0-30,Tennessee,45182.91,-1954751.8262000002
2025-04-01,Operations,expense,N/A,travel,Travel,Amex,E-202504-TR-056,5.37,5.16,0.21,True,1.04,3,N/A,Operations travel line,,,Alabama,45182.91,-1954751.8262000002
2025-04-01,Operations,expense,N/A,travel,Travel,Uber,E-202504-TR-047,4.69,4.43,0.26,True,1.06,3,N/A,Operations travel line,,,California,45182.91,-1954751.8262000002
2025-04-01,Operations,expense,N/A,travel,Travel,Uber,E-202504-TR-063,4.58,4.53,0.05,True,1.01,3,N/A,Operations travel line,36.0,31-60,Minnesota,45182.91,-1954751.8262000002
2025-04-01,Operations,expense,N/A,travel,Travel,Delta,E-202504-TR-025,4.46,4.19,0.27,True,1.064,3,N/A,Operations travel line,,,Utah,45182.91,-1954751.8262000002
2025-04-01,Operations,expense,N/A,travel,Travel,Marriott,E-202504-TR-052,3.4,3.29,0.11,True,1.033,3,N/A,Operations travel line,,,Rhode Island,45182.91,-1954751.8262000002
2025-04-01,Operations,expense,N/A,travel,Travel,Marriott,E-202504-TR-036,2.38,2.36,0.02,True,1.01,3,N/A,Operations travel line,,,Ohio,45182.91,-1954751.8262000002
2025-04-01,Operations,expense,N/A,travel,Travel,United,E-202504-TR-050,2.26,2.24,0.02,True,1.01,3,N/A,Operations travel line,7.0,0-30,Rhode Island,45182.91,-1954751.8262000002
2025-04-01,Operations,expense,N/A,travel,Travel,Lyft,E-202504-TR-030,2.25,2.14,0.11,True,1.053,3,N/A,Operations travel line,47.0,31-60,Ohio,45182.91,-1954751.8262000002
2025-04-01,Operations,expense,N/A,travel,Travel,Uber,E-202504-TR-023,2.03,1.98,0.05,True,1.024,3,N/A,Operations travel line,10.0,0-30,Idaho,45182.91,-1954751.8262000002
2025-04-01,Operations,expense,N/A,travel,Travel,Lyft,E-202504-TR-006,1.86,1.78,0.08,True,1.044,3,N/A,Operations travel line,3.0,0-30,California,45182.91,-1954751.8262000002
2025-04-01,Operations,expense,N/A,travel,Travel,Delta,E-202504-TR-089,1.84,1.75,0.09,True,1.05,3,N/A,Operations travel line,,,New Mexico,45182.91,-1954751.8262000002
2025-04-01,Operations,expense,N/A,travel,Travel,Lyft,E-202504-TR-070,1.69,1.56,0.13,True,1.083,3,N/A,Operations travel line,,,Tennessee,45182.91,-1954751.8262000002
2025-04-01,Operations,expense,N/A,travel,Travel,Southwest,E-202504-TR-091,1.51,1.34,0.17,True,1.127,3,N/A,Operations travel line,,,Illinois,45182.91,-1954751.8262000002
2025-04-01,Operations,expense,N/A,travel,Travel,United,E-202504-TR-074,1.5,1.45,0.05,True,1.035,3,N/A,Operations travel line,,,Washington,45182.91,-1954751.8262000002
2025-04-01,Operations,expense,N/A,travel,Travel,Amex,E-202504-TR-016,1.42,1.38,0.04,True,1.026,3,N/A,Operations travel line,,,Connecticut,45182.91,-1954751.8262000002
2025-04-01,Operations,expense,N/A,travel,Travel,Lyft,E-202504-TR-086,1.3,1.22,0.08,True,1.063,3,N/A,Operations travel line,27.0,0-30,Indiana,45182.91,-1954751.8262000002
2025-04-01,Operations,expense,N/A,travel,Travel,Marriott,E-202504-TR-076,0.74,0.69,0.05,True,1.068,3,N/A,Operations travel line,20.0,0-30,Michigan,45182.91,-1954751.8262000002
2025-04-01,Operations,expense,N/A,travel,Travel,Southwest,E-202504-TR-075,0.63,0.59,0.04,True,1.076,3,N/A,Operations travel line,,,Kansas,45182.91,-1954751.8262000002
2025-04-01,Operations,expense,N/A,travel,Travel,Lyft,E-202504-TR-014,0.53,0.5,0.03,True,1.064,3,N/A,Operations travel line,,,Ohio,45182.91,-1954751.8262000002
2025-04-01,Operations,expense,N/A,travel,Travel,Marriott,E-202504-TR-012,0.44,0.41,0.03,True,1.086,3,N/A,Operations travel line,45.0,31-60,Virginia,45182.91,-1954751.8262000002
2025-04-01,Operations,expense,N/A,travel,Travel,Amex,E-202504-TR-024,0.22,0.22,0.0,True,1.015,3,N/A,Operations travel line,,,Delaware,45182.91,-1954751.8262000002
